"id";"age";"job";"marital";"education";"default_status";"balance";"housing";"loan";"contact";"day";"month";"duration";"campaign";"pdays";"previous";"outcome";"target"
"44524";"30";"admin.";"married";"secondary";"no";"590.00";"no";"no";"cellular";"11";"aug";"443";"3";"-1";"0";"unknown";"no"
"44525";"35";"admin.";"married";"secondary";"no";"2374.00";"yes";"no";"cellular";"11";"aug";"765";"2";"183";"5";"success";"yes"
"44526";"35";"technician";"single";"secondary";"no";"920.00";"yes";"no";"cellular";"11";"aug";"159";"2";"286";"6";"failure";"no"
"44527";"35";"technician";"married";"tertiary";"no";"7050.00";"no";"no";"cellular";"11";"aug";"222";"3";"182";"4";"success";"yes"
"44528";"43";"blue-collar";"married";"secondary";"no";"413.00";"yes";"no";"cellular";"12";"aug";"235";"2";"182";"4";"success";"yes"
"44529";"34";"technician";"single";"secondary";"no";"1313.00";"no";"no";"cellular";"12";"aug";"176";"1";"21";"6";"failure";"no"
"44530";"77";"Ret";"married";"primary";"no";"2590.00";"no";"no";"telephone";"12";"aug";"345";"1";"178";"20";"failure";"yes"
"44531";"34";"blue-collar";"married";"secondary";"no";"320.00";"yes";"no";"cellular";"12";"aug";"352";"1";"828";"2";"failure";"yes"
"44532";"35";"blue-collar";"married";"secondary";"no";"1454.00";"yes";"no";"cellular";"12";"aug";"323";"1";"182";"4";"success";"yes"
"44533";"39";"blue-collar";"married";"secondary";"no";"1382.00";"yes";"no";"cellular";"12";"aug";"357";"1";"182";"2";"success";"yes"
"44534";"32";"student";"single";NULL;"no";"376.00";"no";"no";"cellular";"12";"aug";"192";"1";"91";"5";"failure";"no"
"44535";"75";"Ret";"married";"secondary";"no";"291.00";"no";"no";"cellular";"12";"aug";"350";"1";"182";"2";"success";"yes"
"44536";"29";"management";"single";"tertiary";"no";"266.00";"no";"no";"cellular";"12";"aug";"176";"1";"185";"1";"failure";"no"
"44537";"35";"self-employed";"married";"tertiary";"no";"2427.00";"no";"no";"cellular";"12";"aug";"175";"3";"31";"10";"success";"yes"
"44538";"41";"admin.";"married";"secondary";"no";"2498.00";"no";"no";"cellular";"12";"aug";"411";"1";"-1";"0";"unknown";"yes"
"44539";"25";"student";"single";NULL;"no";"1003.00";"no";"no";"cellular";"12";"aug";"361";"1";"-1";"0";"unknown";"yes"
"44540";"51";"blue-collar";"married";"secondary";"no";"2007.00";"yes";"no";"cellular";"12";"aug";"1226";"3";"-1";"0";"unknown";"yes"
"44541";"48";"unemployed";"married";"secondary";"no";"926.00";"no";"no";"cellular";"12";"aug";"504";"2";"178";"10";"success";"yes"
"44542";"28";"management";"single";"tertiary";"no";"-62.00";"no";"no";NULL;"12";"aug";"17";"1";"-1";"0";"unknown";"no"
"44543";"26";"unemployed";"single";"secondary";"no";"632.00";"no";"no";"cellular";"12";"aug";"312";"3";"181";"1";"success";"yes"
"44544";"27";"self-employed";"single";"tertiary";"no";"4574.00";"no";"no";"cellular";"12";"aug";"187";"2";"-1";"0";"unknown";"no"
"44545";"55";"???";"married";"secondary";"no";"2206.00";"no";"no";"cellular";"12";"aug";"265";"1";"91";"5";"success";"yes"
"44546";"27";"student";"single";NULL;"no";"598.00";"no";"no";"cellular";"12";"aug";"126";"1";"524";"1";"failure";"no"
"44547";"44";"technician";"divorced";"secondary";"no";"314.00";"yes";"no";NULL;"12";"aug";"18";"1";"651";"1";"success";"no"
"44548";"44";"management";"married";"tertiary";"no";"1791.00";"no";"no";"telephone";"12";"aug";"201";"1";"182";"2";"success";"yes"
"44549";"31";"management";"married";"tertiary";"no";"6980.00";"no";"no";"cellular";"12";"aug";"157";"2";"-1";"0";"unknown";"no"
"44550";"49";"services";"married";"primary";"no";"1830.00";"yes";"no";"cellular";"13";"aug";"261";"1";"179";"1";"success";"yes"
"44551";"29";"self-employed";"single";"tertiary";"no";"814.00";"no";"no";NULL;"13";"aug";"461";"1";"-1";"0";"unknown";"yes"
"44552";"67";"housemaid";"divorced";"secondary";"no";"5275.00";"no";"no";"cellular";"13";"aug";"222";"4";"-1";"0";"unknown";"yes"
"44553";"42";"admin.";"divorced";"secondary";"no";"2129.00";"no";"no";"cellular";"13";"aug";"633";"1";"182";"2";"other";"yes"
"44554";"48";"technician";"single";"secondary";"no";"434.00";"no";"no";"cellular";"13";"aug";"183";"1";"-1";"0";"unknown";"no"
"44555";"50";"technician";"divorced";"secondary";"no";"0.00";"yes";"no";"cellular";"13";"aug";"120";"2";"91";"6";"failure";"no"
"44556";"58";"admin.";"married";"secondary";"no";"169.00";"no";"no";"cellular";"13";"aug";"880";"1";"92";"8";"success";"yes"
"44557";"35";"management";"married";"tertiary";"no";"2717.00";"no";"no";"cellular";"13";"aug";"394";"6";"-1";"0";"unknown";"yes"
"44558";"45";"management";"married";"tertiary";"no";"226.00";"yes";"no";"cellular";"13";"aug";"177";"6";"179";"10";"success";"yes"
"44559";"30";"technician";"single";"secondary";"no";"0.00";"no";"no";"cellular";"13";"aug";"173";"4";"562";"1";"failure";"no"
"44560";"30";"services";"single";"secondary";"no";"63.00";"no";"no";NULL;"13";"aug";"75";"1";"-1";"0";"unknown";"no"
"44561";"37";"technician";"married";"tertiary";"no";"341.00";"no";"no";"cellular";"13";"aug";"287";"3";"182";"3";"success";"yes"
"44562";"35";"management";"divorced";"tertiary";"no";"2885.00";"no";"no";"cellular";"13";"aug";"199";"3";"43";"8";"other";"yes"
"44563";"28";"admin.";"single";"secondary";"no";"1408.00";"no";"no";"cellular";"13";"aug";"166";"1";"78";"2";"failure";"no"
"44564";"24";"student";"single";"secondary";"no";"1719.00";"no";"no";"cellular";"13";"aug";"161";"4";"-1";"0";"unknown";"no"
"44565";"34";"management";"single";"secondary";"no";"524.00";"no";"no";NULL;"13";"aug";"9";"1";"-1";"0";"unknown";"no"
"44566";"61";"Ret";"married";"secondary";"no";"523.00";"no";"no";"cellular";"13";"aug";"211";"3";"183";"4";"success";"yes"
"44567";"34";"services";"married";"secondary";"no";"-52.00";"no";"no";NULL;"13";"aug";"12";"1";"-1";"0";"unknown";"no"
"44568";"60";"technician";"divorced";"secondary";"no";"367.00";"no";"no";"cellular";"16";"aug";"318";"2";"-1";"0";"unknown";"yes"
"44569";"39";"admin.";"married";"secondary";"no";"47.00";"yes";"no";"cellular";"16";"aug";"143";"2";"371";"6";"failure";"no"
"44570";"30";"admin.";"single";"secondary";"no";"125.00";"yes";"no";"cellular";"16";"aug";"140";"3";"116";"1";"other";"no"
"44571";"60";"services";"married";"tertiary";"no";"4256.00";"yes";"no";"cellular";"16";"aug";"239";"3";"761";"1";"other";"yes"
"44572";"29";"technician";"single";"secondary";"no";"113.00";"no";"no";"cellular";"16";"aug";"159";"2";"185";"6";"success";"no"
"44573";"33";"technician";"married";"secondary";"no";"484.00";"yes";"no";"cellular";"16";"aug";"205";"3";"182";"9";"success";"yes"
"44574";"25";"services";"single";"secondary";"no";"199.00";"no";"no";"cellular";"16";"aug";"111";"2";"95";"3";"other";"no"
"44575";"29";"management";"single";"tertiary";"no";"1673.00";"no";"no";"cellular";"16";"aug";"200";"2";"159";"3";"other";"no"
"44576";"27";"blue-collar";"single";"secondary";"no";"535.00";"no";"no";"cellular";"16";"aug";"265";"3";"95";"4";"success";"yes"
"44577";"24";"student";"single";"tertiary";"no";"1592.00";"no";"no";"cellular";"16";"aug";"98";"3";"111";"5";"other";"no"
"44578";"27";"admin.";"single";"secondary";"no";"416.00";"no";"no";NULL;"17";"aug";"8";"1";"-1";"0";"unknown";"no"
"44579";"36";"entrepreneur";"married";"secondary";"no";"-280.00";"no";"no";NULL;"17";"aug";"6";"1";"-1";"0";"unknown";"no"
"44580";"53";"admin.";"married";"secondary";"no";"1252.00";"no";"no";"cellular";"17";"aug";"128";"4";"-1";"0";"unknown";"no"
"44581";"65";"Ret";"married";"primary";"no";"1760.00";"no";"no";"cellular";"18";"aug";"855";"4";"-1";"0";"unknown";"yes"
"44582";"37";"management";"single";"tertiary";"no";"688.00";"no";"no";"cellular";"18";"aug";"95";"3";"174";"5";"failure";"no"
"44583";"61";"Ret";"married";"tertiary";"no";"5267.00";"no";"no";"cellular";"18";"aug";"212";"7";"188";"3";"success";"no"
"44584";"24";"student";"single";"secondary";"no";"431.00";"no";"no";"cellular";"19";"aug";"418";"11";"185";"5";"success";"yes"
"44585";"32";"student";"single";"secondary";"no";"14.00";"no";"no";"cellular";"19";"aug";"144";"3";"136";"1";"other";"no"
"44586";"61";"blue-collar";"married";"secondary";"no";"681.00";"yes";"no";"telephone";"19";"aug";"173";"6";"492";"2";"failure";"no"
"44587";"30";"technician";"single";"secondary";"no";"86.00";"no";"no";NULL;"20";"aug";"45";"1";"-1";"0";"unknown";"no"
"44588";"30";"admin.";"single";"secondary";"no";"28.00";"no";"no";NULL;"20";"aug";"107";"1";"-1";"0";"unknown";"no"
"44589";"23";"admin.";"single";"secondary";"no";"366.00";"no";"no";NULL;"20";"aug";"22";"1";"-1";"0";"unknown";"no"
"44590";"21";"student";"single";"secondary";"no";"681.00";"no";"no";NULL;"20";"aug";"6";"1";"-1";"0";"unknown";"no"
"44591";"22";"services";"single";NULL;"no";"739.00";"no";"no";NULL;"20";"aug";"4";"1";"-1";"0";"unknown";"no"
"44592";"26";"student";"single";"secondary";"no";"963.00";"no";"no";NULL;"21";"aug";"11";"1";"304";"1";"other";"no"
"44593";"48";"admin.";"divorced";"secondary";"no";"1033.00";"no";"yes";NULL;"22";"aug";"11";"1";"-1";"0";"unknown";"no"
"44594";"40";"management";"single";"tertiary";"no";"15.00";"no";"yes";NULL;"22";"aug";"4";"1";"-1";"0";"unknown";"no"
"44595";"34";"technician";"single";"tertiary";"no";"2481.00";"no";"no";"cellular";"23";"aug";"220";"16";"192";"14";"other";"no"
"44596";"21";"student";"single";"primary";"no";"281.00";"no";"no";NULL;"24";"aug";"11";"1";"-1";"0";"unknown";"no"
"44597";"28";"services";"single";"secondary";"no";"2685.00";"no";"yes";NULL;"24";"aug";"5";"1";"-1";"0";"unknown";"no"
"44598";"29";"student";"single";"secondary";"no";"1124.00";"no";"no";NULL;"24";"aug";"26";"1";"-1";"0";"unknown";"no"
"44599";"29";"admin.";"married";"secondary";"no";"1937.00";"no";"no";NULL;"25";"aug";"6";"1";"-1";"0";"unknown";"no"
"44600";"35";"admin.";"married";"secondary";"no";"2374.00";"yes";"no";NULL;"25";"aug";"5";"1";"14";"7";"success";"no"
"44601";"38";"blue-collar";"single";"primary";"no";"490.00";"yes";"yes";NULL;"25";"aug";"17";"1";"-1";"0";"unknown";"no"
"44602";"23";"student";"single";"secondary";"no";"43.00";"no";"no";NULL;"27";"aug";"4";"1";"-1";"0";"unknown";"no"
"44603";"45";"services";"single";"secondary";"no";"955.00";"no";"no";NULL;"27";"aug";"3785";"1";"-1";"0";"unknown";"no"
"44604";"20";"student";"single";"primary";"no";"825.00";"no";"no";NULL;"28";"aug";"27";"1";"-1";"0";"unknown";"no"
"44605";"30";"blue-collar";"married";"primary";"no";"124.00";"yes";"no";NULL;"28";"aug";"5";"1";"775";"2";"other";"no"
"44606";"23";"management";"single";"tertiary";"no";"377.00";"no";"no";NULL;"28";"aug";"7";"1";"-1";"0";"unknown";"no"
"44607";"27";"student";"single";"primary";"yes";"25.00";"no";"no";NULL;"28";"aug";"8";"1";"-1";"0";"unknown";"no"
"44608";"34";"entrepreneur";"married";"secondary";"no";"4659.00";"yes";"no";NULL;"30";"aug";"28";"1";"-1";"0";"unknown";"no"
"44609";"57";"Ret";"married";"tertiary";"no";"1269.00";"no";"no";"cellular";"31";"aug";"1120";"1";"-1";"0";"unknown";"yes"
"44610";"36";"management";"married";"tertiary";"no";"5367.00";"no";"no";"cellular";"31";"aug";"324";"1";"455";"2";"failure";"no"
"44611";"63";"admin.";"married";"secondary";"no";"0.00";"yes";"no";"cellular";"31";"aug";"253";"5";"-1";"0";"unknown";"yes"
"44612";"55";"unemployed";"married";"primary";"no";"1212.00";"no";"no";"cellular";"31";"aug";"241";"1";"92";"1";"failure";"no"
"44613";"36";"admin.";"single";"tertiary";"no";"364.00";"no";"yes";"cellular";"31";"aug";"185";"1";"123";"1";"failure";"yes"
"44614";"61";"housemaid";"married";"primary";"no";"211.00";"no";"no";"cellular";"31";"aug";"443";"2";"186";"3";"failure";"yes"
"44615";"52";"self-employed";"married";"tertiary";"no";"4012.00";"no";"no";"cellular";"31";"aug";"634";"3";"92";"5";"other";"yes"
"44616";"34";"admin.";"single";"tertiary";"no";"625.00";"no";"yes";NULL;"31";"aug";"34";"1";"-1";"0";"unknown";"yes"
"44617";"62";"unemployed";"married";"primary";"no";"532.00";"no";"no";"cellular";"31";"aug";"298";"2";"300";"1";"other";"no"
"44618";"31";"technician";"single";"secondary";"no";"18.00";"no";"no";NULL;"31";"aug";"27";"1";"-1";"0";"unknown";"no"
"44619";"60";"management";"married";"tertiary";"no";"474.00";"no";"no";"cellular";"31";"aug";"415";"5";"186";"3";"other";"yes"
"44620";"28";"management";"single";"tertiary";"no";"1584.00";"yes";"no";"cellular";"1";"sep";"222";"2";"-1";"0";"unknown";"yes"
"44621";"69";"technician";"married";"secondary";"no";"2661.00";"no";"no";"cellular";"1";"sep";"925";"1";"187";"3";"other";"no"
"44622";"36";"management";"single";"tertiary";"no";"671.00";"yes";"no";"cellular";"1";"sep";"161";"1";"457";"2";"failure";"no"
"44623";"60";"management";"married";"tertiary";"no";"315.00";"no";"no";"cellular";"1";"sep";"840";"1";"183";"3";"success";"yes"
"44624";"32";"admin.";"married";"secondary";"no";"200.00";"no";"no";"cellular";"1";"sep";"729";"1";"29";"3";"failure";"yes"
"44625";"34";"management";"married";"tertiary";"no";"589.00";"no";"no";"cellular";"1";"sep";"300";"1";"44";"3";"other";"yes"
"44626";"34";"management";"married";"tertiary";"no";"1388.00";"yes";"no";"cellular";"1";"sep";"222";"1";"93";"4";"failure";"no"
"44627";"31";"services";"single";"secondary";"no";"-205.00";"no";"no";"cellular";"1";"sep";"481";"1";"579";"1";"failure";"yes"
"44628";"33";"admin.";"married";"secondary";"no";"394.00";"yes";"no";"telephone";"1";"sep";"104";"3";"-1";"0";"unknown";"no"
"44629";"38";"management";"single";"tertiary";"no";"1704.00";"no";"no";"cellular";"1";"sep";"222";"1";"-1";"0";"unknown";"no"
"44630";"28";"blue-collar";"single";"secondary";"no";"-46.00";"yes";"no";"cellular";"1";"sep";"199";"1";"92";"14";"success";"yes"
"44631";"55";"admin.";"married";"secondary";"no";"8304.00";"no";"no";"cellular";"1";"sep";"193";"1";"92";"1";"success";"yes"
"44632";"65";"Ret";"married";"primary";"no";"308.00";"no";"no";"cellular";"1";"sep";"400";"1";"-1";"0";"unknown";"yes"
"44633";"22";"student";"single";"secondary";"no";"552.00";"no";"no";"cellular";"1";"sep";"327";"1";"-1";"0";"unknown";"yes"
"44634";"65";"Ret";"divorced";"primary";"no";"1840.00";"no";"no";"cellular";"1";"sep";"191";"2";"92";"7";"failure";"no"
"44635";"77";"Ret";"married";"primary";"no";"1492.00";"no";"no";"telephone";"1";"sep";"663";"1";"208";"2";"other";"no"
"44636";"37";"management";"married";"tertiary";"no";"1113.00";"no";"no";"cellular";"1";"sep";"265";"2";"183";"2";"success";"yes"
"44637";"45";"services";"Div";"primary";"no";"523.00";"no";"no";"telephone";"1";"sep";"380";"4";"371";"4";"other";"no"
"44638";"45";"technician";"married";"secondary";"no";"814.00";"no";"no";"cellular";"1";"sep";"691";"2";"-1";"0";"unknown";"no"
"44639";"65";"technician";"married";"secondary";"no";"2303.00";"no";"no";"cellular";"1";"sep";"95";"2";"-1";"0";"unknown";"no"
"44640";"29";"blue-collar";"married";"secondary";"no";"3310.00";"no";"no";"cellular";"1";"sep";"367";"1";"91";"4";"failure";"no"
"44641";"41";"technician";"married";"secondary";"no";"11.00";"yes";"no";"telephone";"1";"sep";"150";"1";"-1";"0";"unknown";"no"
"44642";"35";"management";"single";"tertiary";"no";"992.00";"no";"yes";"cellular";"1";"sep";"238";"1";"-1";"0";"unknown";"yes"
"44643";"33";"admin.";"single";"tertiary";"no";"272.00";"yes";"no";"cellular";"1";"sep";"293";"2";"92";"3";"success";"yes"
"44644";"75";"Ret";"married";"primary";"no";"1413.00";"no";"no";"cellular";"1";"sep";"532";"2";"188";"2";"success";"yes"
"44645";"18";"student";"single";NULL;"no";"438.00";"no";"no";"cellular";"1";"sep";"425";"1";"-1";"0";"unknown";"no"
"44646";"59";"management";"married";"tertiary";"no";"4606.00";"no";"no";"telephone";"1";"sep";"194";"2";"189";"2";"failure";"no"
"44647";"22";"services";"single";"secondary";"no";"361.00";"no";"no";"telephone";"1";"sep";"232";"1";"86";"6";"failure";"no"
"44648";"30";"self-employed";"married";"tertiary";"no";"805.00";"yes";"no";NULL;"1";"sep";"20";"1";"478";"2";"other";"no"
"44649";"28";"services";"married";"secondary";"no";"4.00";"yes";"no";NULL;"2";"sep";"10";"1";"-1";"0";"unknown";"no"
"44650";"27";"admin.";"single";"secondary";"no";"321.00";"no";"yes";NULL;"2";"sep";"4";"1";"-1";"0";"unknown";"no"
"44651";"32";"student";"single";"secondary";"no";"5836.00";"no";"no";"cellular";"2";"sep";"281";"2";"493";"2";"failure";"no"
"44652";"48";"???";"single";NULL;"no";"1819.00";"no";"no";"cellular";"2";"sep";"1440";"1";"458";"1";"failure";"yes"
"44653";"33";"entrepreneur";"single";"tertiary";"no";"1623.00";"yes";"no";"cellular";"2";"sep";"291";"3";"-1";"0";"unknown";"yes"
"44654";"53";"blue-collar";"married";"secondary";"no";"1797.00";"yes";"no";"cellular";"2";"sep";"128";"3";"94";"5";"other";"no"
"44655";"27";"technician";"single";"tertiary";"no";"1075.00";"no";"no";"cellular";"2";"sep";"529";"2";"184";"1";"success";"yes"
"44656";"62";"management";"married";"secondary";"no";"1128.00";"no";"no";"cellular";"2";"sep";"236";"1";"290";"3";"other";"yes"
"44657";"63";"???";"married";"secondary";"no";"367.00";"no";"no";"telephone";"2";"sep";"173";"1";"182";"7";"failure";"no"
"44658";"38";"management";"married";"tertiary";"no";"630.00";"no";"no";"cellular";"2";"sep";"362";"1";"388";"3";"other";"yes"
"44659";"31";"management";"single";"tertiary";"no";"1675.00";"no";"no";"cellular";"2";"sep";"114";"2";"363";"1";"failure";"no"
"44660";"35";"technician";"married";"secondary";"no";"294.00";"yes";"no";"cellular";"2";"sep";"97";"6";"79";"11";"failure";"no"
"44661";"37";"admin.";"single";"tertiary";"no";"635.00";"no";"no";"cellular";"2";"sep";"238";"1";"464";"2";"failure";"no"
"44662";"21";"student";"single";"secondary";"no";"357.00";"no";"no";"cellular";"2";"sep";"115";"3";"-1";"0";"unknown";"no"
"44663";"22";"student";"single";NULL;"no";"549.00";"no";"no";"cellular";"2";"sep";"154";"1";"-1";"0";"unknown";"no"
"44664";"25";"student";"single";"secondary";"no";"2975.00";"no";"no";"cellular";"2";"sep";"799";"2";"-1";"0";"unknown";"yes"
"44665";"41";"unemployed";"single";"tertiary";"no";"7968.00";"no";"no";"cellular";"2";"sep";"404";"1";"184";"4";"success";"yes"
"44666";"25";"student";"single";"secondary";"no";"154.00";"no";"no";"cellular";"2";"sep";"382";"1";"183";"3";"success";"yes"
"44667";"25";"technician";"single";"secondary";"no";"1298.00";"no";"no";"cellular";"2";"sep";"206";"7";"94";"2";"other";"no"
"44668";"48";"management";"married";"tertiary";"no";"1204.00";"no";"no";"cellular";"3";"sep";"116";"2";"760";"1";"other";"no"
"44669";"32";"services";"single";"tertiary";"no";"620.00";"no";"no";"cellular";"3";"sep";"110";"6";"95";"5";"other";"no"
"44670";"88";"Ret";"married";"primary";"no";"648.00";"no";"no";"telephone";"3";"sep";"318";"1";"-1";"0";"unknown";"no"
"44671";"27";"student";"single";"tertiary";"no";"5169.00";"yes";"no";"cellular";"3";"sep";"431";"1";"466";"3";"success";"yes"
"44672";"32";"management";"married";"tertiary";"no";"6138.00";"no";"no";"cellular";"3";"sep";"251";"3";"36";"11";"success";"no"
"44673";"40";"technician";"married";"tertiary";"no";"2627.00";"yes";"no";"cellular";"3";"sep";"240";"3";"-1";"0";"unknown";"no"
"44674";"49";"admin.";"single";"tertiary";"no";"228.00";"yes";"no";"cellular";"3";"sep";"252";"2";"93";"2";"success";"yes"
"44675";"39";"services";"single";"secondary";"no";"91.00";"no";"no";"cellular";"3";"sep";"213";"1";"185";"1";"success";"yes"
"44676";"35";"admin.";"married";"secondary";"no";"1204.00";"no";"no";"cellular";"3";"sep";"789";"2";"-1";"0";"unknown";"no"
"44677";"57";"Ret";"married";"primary";"no";"1947.00";"no";"no";"cellular";"3";"sep";"126";"1";"185";"7";"success";"no"
"44678";"70";"Ret";"divorced";"secondary";"no";"6850.00";"no";"no";"telephone";"3";"sep";"228";"1";"182";"4";"failure";"no"
"44679";"60";"admin.";"married";"secondary";"no";"12980.00";"no";"no";"cellular";"3";"sep";"177";"2";"182";"1";"success";"no"
"44680";"43";"technician";"married";"secondary";"no";"4945.00";"yes";"no";"cellular";"3";"sep";"219";"3";"185";"2";"success";"yes"
"44681";"27";"self-employed";"single";"tertiary";"no";"560.00";"no";"no";"telephone";"3";"sep";"543";"9";"465";"2";"failure";"no"
"44682";"55";"???";"married";"primary";"no";"159.00";"no";"no";NULL;"4";"sep";"15";"1";"-1";"0";"unknown";"no"
"44683";"41";"housemaid";"married";"primary";"no";"379.00";"no";"yes";NULL;"4";"sep";"9";"1";"-1";"0";"unknown";"no"
"44684";"32";"technician";"single";"secondary";"no";"260.00";"yes";"no";NULL;"5";"sep";"13";"1";"656";"7";"other";"no"
"44685";"22";"student";"single";"secondary";"no";"249.00";"no";"no";NULL;"5";"sep";"11";"1";"-1";"0";"unknown";"no"
"44686";"51";"technician";"married";"secondary";"no";"980.00";"no";"no";"cellular";"6";"sep";"114";"2";"-1";"0";"unknown";"no"
"44687";"38";"management";"single";"tertiary";"no";"1027.00";"yes";"no";"cellular";"6";"sep";"387";"2";"188";"3";"success";"no"
"44688";"52";"management";"married";NULL;"no";"1708.00";"no";"no";NULL;"6";"sep";"310";"1";"75";"4";"failure";"yes"
"44689";"83";"housemaid";"married";"primary";"no";"2140.00";"no";"no";"cellular";"6";"sep";"109";"3";"276";"8";"other";"no"
"44690";"48";"management";"married";"tertiary";"no";"0.00";"yes";"no";"cellular";"6";"sep";"194";"2";"125";"6";"failure";"yes"
"44691";"29";"unemployed";"single";NULL;"no";"1584.00";"no";"no";"cellular";"6";"sep";"245";"1";"-1";"0";"unknown";"yes"
"44692";"32";"entrepreneur";"married";"secondary";"no";"390.00";"no";"no";"cellular";"6";"sep";"440";"1";"280";"1";"failure";"yes"
"44693";"43";"admin.";"single";"secondary";"no";"1707.00";"yes";"no";"cellular";"6";"sep";"369";"3";"504";"5";"other";"yes"
"44694";"39";"admin.";"married";"secondary";"no";"179.00";"no";"no";NULL;"6";"sep";"36";"1";"-1";"0";"unknown";"no"
"44695";"65";"admin.";"married";"secondary";"no";"952.00";"no";"no";"cellular";"6";"sep";"255";"1";"96";"1";"success";"yes"
"44696";"72";"Ret";"married";"secondary";"no";"1978.00";"no";"no";"cellular";"6";"sep";"312";"1";"-1";"0";"unknown";"yes"
"44697";"61";"admin.";"divorced";"secondary";"no";"4519.00";"no";"no";"cellular";"6";"sep";"145";"1";"391";"11";"other";"no"
"44698";"33";"blue-collar";"single";"secondary";"no";"329.00";"no";"no";"cellular";"6";"sep";"224";"1";"145";"2";"other";"yes"
"44699";"34";"technician";"married";"secondary";"no";"384.00";"yes";"no";"cellular";"6";"sep";"127";"2";"831";"1";"other";"no"
"44700";"33";"technician";"married";"tertiary";"no";"1126.00";"yes";"no";NULL;"6";"sep";"11";"1";"490";"5";"other";"no"
"44701";"34";"admin.";"married";"tertiary";"no";"1636.00";"yes";"yes";"cellular";"6";"sep";"136";"1";"521";"2";"failure";"no"
"44702";"84";"Ret";"divorced";"primary";"no";"1680.00";"no";"no";"telephone";"6";"sep";"113";"5";"97";"3";"other";"no"
"44703";"26";"technician";"single";"secondary";"no";"1105.00";"yes";"no";"cellular";"6";"sep";"415";"1";"297";"3";"other";"yes"
"44704";"37";"services";"married";"secondary";"no";"52.00";"yes";"no";"cellular";"6";"sep";"908";"1";"185";"9";"success";"yes"
"44705";"52";"management";"married";"tertiary";"no";"2635.00";"no";"no";"cellular";"6";"sep";"313";"1";"108";"8";"success";"no"
"44706";"38";"entrepreneur";"married";"tertiary";"no";"1649.00";"no";"yes";"cellular";"6";"sep";"218";"2";"432";"3";"success";"no"
"44707";"33";"admin.";"married";"secondary";"no";"616.00";"no";"no";NULL;"6";"sep";"35";"1";"-1";"0";"unknown";"no"
"44708";"33";"admin.";"married";"secondary";"no";"616.00";"no";"no";"cellular";"6";"sep";"250";"3";"-1";"0";"unknown";"yes"
"44709";"32";"technician";"single";"secondary";"no";"1089.00";"no";"no";"cellular";"6";"sep";"125";"2";"-1";"0";"unknown";"no"
"44710";"38";"management";"married";"tertiary";"no";"14352.00";"no";"no";NULL;"6";"sep";"8";"1";"-1";"0";"unknown";"no"
"44711";"26";"admin.";"single";"tertiary";"no";"760.00";"yes";"no";"cellular";"6";"sep";"164";"2";"186";"7";"success";"no"
"44712";"53";"admin.";"married";"secondary";"no";"0.00";"no";"no";"telephone";"6";"sep";"353";"1";"655";"5";"failure";"no"
"44713";"34";"unemployed";"single";NULL;"no";"517.00";"no";"no";"cellular";"6";"sep";"791";"3";"-1";"0";"unknown";"no"
"44714";"27";"management";"single";"tertiary";"no";"592.00";"no";"no";"cellular";"7";"sep";"667";"1";"221";"3";"failure";"no"
"44715";"45";"???";"married";"tertiary";"no";"406.00";"no";"no";"cellular";"7";"sep";"314";"1";"-1";"0";"unknown";"yes"
"44716";"27";"services";"single";"secondary";"no";"44.00";"no";"no";NULL;"7";"sep";"11";"1";"-1";"0";"unknown";"no"
"44717";"65";"Ret";"married";"secondary";"no";"1220.00";"no";"no";"cellular";"7";"sep";"127";"1";"186";"2";"failure";"no"
"44718";"37";"management";"married";"tertiary";"no";"6771.00";"no";"no";"cellular";"7";"sep";"337";"1";"186";"1";"success";"yes"
"44719";"31";"technician";"married";"tertiary";"no";"3192.00";"yes";"no";"cellular";"7";"sep";"179";"1";"186";"2";"failure";"no"
"44720";"28";"management";"single";"tertiary";"no";"890.00";"yes";"no";"cellular";"7";"sep";"201";"1";"-1";"0";"unknown";"yes"
"44721";"36";"admin.";"married";"secondary";"no";"194.00";"yes";"yes";"cellular";"7";"sep";"120";"3";"-1";"0";"unknown";"no"
"44722";"26";"unemployed";"single";"secondary";"no";"4.00";"no";"no";NULL;"7";"sep";"8";"1";"-1";"0";"unknown";"no"
"44723";"43";"management";"divorced";"tertiary";"no";"2251.00";"no";"no";"cellular";"7";"sep";"332";"5";"-1";"0";"unknown";"no"
"44724";"61";"Ret";"married";"primary";"no";"56.00";"no";"no";"cellular";"7";"sep";"288";"3";"-1";"0";"unknown";"yes"
"44725";"32";"blue-collar";"married";"primary";"no";"1644.00";"no";"no";"cellular";"7";"sep";"492";"3";"102";"5";"other";"yes"
"44726";"51";"management";"single";"tertiary";"no";"151.00";"yes";"no";"cellular";"8";"sep";"638";"1";"427";"3";"success";"yes"
"44727";"38";"admin.";"married";"secondary";"no";"0.00";"yes";"no";"cellular";"8";"sep";"210";"1";"92";"3";"success";"yes"
"44728";"31";"technician";"married";"tertiary";"no";"1570.00";"yes";"no";"cellular";"8";"sep";"213";"4";"184";"5";"success";"no"
"44729";"46";"admin.";"married";"secondary";"no";"0.00";"yes";"no";"cellular";"8";"sep";"149";"2";"187";"1";"failure";"no"
"44730";"34";"management";"divorced";"tertiary";"no";"2240.00";"no";"no";"cellular";"8";"sep";"220";"2";"184";"3";"success";"yes"
"44731";"52";"management";"married";"tertiary";"no";"994.00";"no";"no";"cellular";"8";"sep";"127";"1";"370";"4";"failure";"no"
"44732";"60";"unemployed";"married";"secondary";"no";"957.00";"no";"no";"cellular";"8";"sep";"246";"1";"184";"3";"success";"yes"
"44733";"23";"student";"single";"tertiary";"no";"508.00";"no";"no";"cellular";"8";"sep";"210";"1";"92";"1";"failure";"no"
"44734";"24";"student";"single";"secondary";"no";"689.00";"no";"no";"cellular";"8";"sep";"630";"1";"-1";"0";"unknown";"yes"
"44735";"77";"Ret";"married";"primary";"no";"1385.00";"no";"no";"telephone";"8";"sep";"160";"4";"-1";"0";"unknown";"no"
"44736";"36";"management";"married";"tertiary";"no";"2161.00";"no";"no";"cellular";"8";"sep";"708";"2";"183";"5";"success";"yes"
"44737";"37";"blue-collar";"single";"secondary";"no";"292.00";"no";"no";NULL;"8";"sep";"9";"1";"-1";"0";"unknown";"no"
"44738";"46";"student";"single";NULL;"no";"1527.00";"no";"no";"cellular";"8";"sep";"358";"3";"184";"1";"success";"yes"
"44739";"80";"Ret";"married";"secondary";"no";"8304.00";"no";"no";"telephone";"8";"sep";"606";"3";"91";"13";"success";"yes"
"44740";"37";"management";"single";"tertiary";"no";"698.00";"no";"no";"cellular";"8";"sep";"1081";"2";"-1";"0";"unknown";"yes"
"44741";"25";"student";"single";"tertiary";"no";"20.00";"no";"no";"cellular";"8";"sep";"127";"2";"-1";"0";"unknown";"no"
"44742";"33";"blue-collar";"married";"secondary";"no";"983.00";"no";"no";NULL;"8";"sep";"9";"1";"-1";"0";"unknown";"no"
"44743";"64";"???";"married";NULL;"no";"2799.00";"no";"no";"Tel";"9";"sep";"378";"4";"-1";"0";"unknown";"no"
"44744";"45";"management";"married";"tertiary";"no";"623.00";"no";"no";"cellular";"9";"sep";"405";"3";"-1";"0";"unknown";"no"
"44745";"39";"management";"married";"tertiary";"no";"494.00";"no";"no";"cellular";"9";"sep";"216";"1";"183";"5";"success";"yes"
"44746";"62";"Ret";"married";"secondary";"no";"2801.00";"yes";"yes";"cellular";"9";"sep";"261";"1";"183";"1";"success";"yes"
"44747";"84";"Ret";"married";"tertiary";"no";"4761.00";"no";"no";"telephone";"9";"sep";"1405";"1";"92";"3";"failure";"yes"
"44748";"24";"student";"single";"tertiary";"no";"834.00";"no";"no";"cellular";"9";"sep";"679";"1";"-1";"0";"unknown";"yes"
"44749";"37";"unemployed";"married";"secondary";"no";"1978.00";"no";"no";"cellular";"9";"sep";"404";"1";"182";"1";"success";"yes"
"44750";"24";"student";"single";"secondary";"no";"139.00";"no";"no";"cellular";"9";"sep";"430";"4";"-1";"0";"unknown";"yes"
"44751";"28";"management";"married";"tertiary";"no";"12.00";"yes";"no";"cellular";"9";"sep";"202";"1";"-1";"0";"unknown";"yes"
"44752";"31";"management";"married";"tertiary";"no";"877.00";"no";"no";"cellular";"9";"sep";"209";"1";"92";"8";"success";"yes"
"44753";"75";"Ret";"divorced";"primary";"no";"1926.00";"no";"no";"cellular";"9";"sep";"761";"1";"93";"5";"other";"no"
"44754";"40";"management";"married";"tertiary";"no";"4675.00";"no";"no";"cellular";"9";"sep";"263";"1";"-1";"0";"unknown";"no"
"44755";"33";"unemployed";"single";"secondary";"no";"2066.00";"no";"yes";"cellular";"9";"sep";"305";"1";"749";"2";"failure";"yes"
"44756";"33";"admin.";"single";"secondary";"no";"555.00";"yes";"no";"cellular";"9";"sep";"204";"1";"365";"1";"success";"yes"
"44757";"64";"Ret";"married";"primary";"no";"48.00";"no";"no";"cellular";"9";"sep";"167";"3";"92";"1";"success";"yes"
"44758";"48";"technician";"married";"primary";"no";"235.00";"no";"no";"cellular";"9";"sep";"386";"2";"191";"3";"success";"yes"
"44759";"28";"admin.";"married";"secondary";"no";"1595.00";"no";"no";NULL;"9";"sep";"1";"1";"254";"4";"success";"no"
"44760";"28";"admin.";"married";"secondary";"no";"1595.00";"no";"no";"cellular";"9";"sep";"268";"1";"254";"4";"success";"yes"
"44761";"28";"student";"single";"tertiary";"no";"5741.00";"no";"no";"cellular";"10";"sep";"1042";"5";"200";"3";"failure";"yes"
"44762";"65";"unemployed";"divorced";"secondary";"no";"588.00";"no";"no";"cellular";"10";"sep";"110";"4";"186";"1";"success";"no"
"44763";"69";"Ret";"married";NULL;"no";"426.00";"no";"no";"Tel";"10";"sep";"211";"2";"185";"2";"success";"yes"
"44764";"28";"management";"single";"tertiary";"no";"187.00";"no";"no";"cellular";"10";"sep";"255";"1";"93";"2";"success";"yes"
"44765";"39";"technician";"single";"secondary";"no";"300.00";"no";"no";"cellular";"10";"sep";"315";"6";"394";"1";"failure";"no"
"44766";"24";"admin.";"single";"secondary";"no";"166.00";"no";"no";"cellular";"10";"sep";"256";"2";"-1";"0";"unknown";"yes"
"44767";"51";"housemaid";"divorced";"primary";"no";"127.00";"no";"no";NULL;"13";"sep";"69";"1";"-1";"0";"unknown";"no"
"44768";"83";"Ret";"divorced";"primary";"no";"4565.00";"no";"no";"cellular";"13";"sep";"175";"2";"-1";"0";"unknown";"no"
"44769";"39";"management";"married";"tertiary";"no";"562.00";"no";"no";"cellular";"13";"sep";"303";"2";"-1";"0";"unknown";"no"
"44770";"52";"unemployed";"married";"secondary";"no";"1416.00";"no";"no";"cellular";"13";"sep";"218";"3";"187";"3";"success";"yes"
"44771";"37";"services";"single";"tertiary";"no";"1189.00";"no";"no";"cellular";"13";"sep";"323";"9";"199";"4";"other";"yes"
"44772";"47";"technician";"married";"secondary";"no";"1740.00";"yes";"no";"cellular";"13";"sep";"502";"1";"490";"1";"failure";"no"
"44773";"25";"student";"single";"secondary";"no";"486.00";"no";"no";"cellular";"13";"sep";"273";"3";"199";"4";"failure";"yes"
"44774";"31";"management";"single";"tertiary";"no";"147.00";"no";"no";"cellular";"13";"sep";"81";"3";"96";"5";"success";"no"
"44775";"33";"services";"married";"secondary";"no";"2368.00";"no";"no";NULL;"13";"sep";"5";"1";"-1";"0";"unknown";"no"
"44776";"30";"technician";"single";"secondary";"no";"167.00";"no";"no";NULL;"14";"sep";"9";"1";"-1";"0";"unknown";"no"
"44777";"22";"student";"single";"secondary";"no";"224.00";"no";"no";NULL;"14";"sep";"5";"1";"-1";"0";"unknown";"no"
"44778";"62";"admin.";"married";"secondary";"no";"4608.00";"no";"no";"cellular";"14";"sep";"706";"1";"186";"1";"success";"no"
"44779";"58";"management";"married";"tertiary";"no";"0.00";"no";"no";"cellular";"14";"sep";"358";"2";"-1";"0";"unknown";"yes"
"44780";"67";"Ret";"married";NULL;"no";"2540.00";"no";"no";"Tel";"14";"sep";"279";"3";"92";"9";"success";"yes"
"44781";"72";"admin.";"married";"primary";"no";"2321.00";"no";"no";"cellular";"14";"sep";"221";"2";"64";"12";"failure";"yes"
"44782";"62";"Ret";"married";"tertiary";"no";"2557.00";"yes";"no";"cellular";"14";"sep";"211";"1";"216";"7";"success";"yes"
"44783";"42";"management";"single";"secondary";"no";"900.00";"yes";"no";NULL;"14";"sep";"6";"1";"524";"7";"other";"no"
"44784";"41";"admin.";"married";"secondary";"no";"3138.00";"no";"no";"cellular";"14";"sep";"409";"1";"398";"1";"failure";"yes"
"44785";"28";"management";"single";"tertiary";"no";"1720.00";"no";"no";"cellular";"14";"sep";"230";"1";"91";"4";"success";"yes"
"44786";"43";"blue-collar";"married";"secondary";"no";"408.00";"yes";"no";NULL;"14";"sep";"6";"1";"838";"3";"other";"no"
"44787";"68";"Ret";"divorced";"primary";"no";"2027.00";"no";"no";"cellular";"14";"sep";"404";"2";"91";"4";"success";"yes"
"44788";"30";"management";"single";"tertiary";"no";"13774.00";"no";"no";"cellular";"14";"sep";"380";"1";"-1";"0";"unknown";"no"
"44789";"75";"Ret";"married";"primary";"no";"1765.00";"no";"no";"telephone";"14";"sep";"808";"1";"187";"4";"failure";"yes"
"44790";"24";"student";"single";NULL;"no";"358.00";"no";"no";"cellular";"14";"sep";"407";"2";"92";"2";"success";"no"
"44791";"21";"student";"single";NULL;"no";"1506.00";"no";"no";"cellular";"14";"sep";"340";"1";"-1";"0";"unknown";"yes"
"44792";"74";"Ret";"married";"tertiary";"no";"1843.00";"no";"no";"cellular";"15";"sep";"251";"2";"184";"3";"success";"yes"
"44793";"40";"entrepreneur";"married";"tertiary";"no";"3585.00";"no";"no";"cellular";"15";"sep";"506";"3";"-1";"0";"unknown";"yes"
"44794";"35";"blue-collar";"married";"secondary";"no";"262.00";"no";"no";"cellular";"15";"sep";"331";"1";"75";"6";"failure";"yes"
"44795";"88";"Ret";"married";"secondary";"no";"433.00";"no";"no";"telephone";"15";"sep";"161";"1";"274";"1";"failure";"no"
"44796";"49";"management";"married";"tertiary";"no";"1093.00";"yes";"yes";"cellular";"15";"sep";"316";"1";"246";"4";"success";"yes"
"44797";"39";"management";"married";NULL;"no";"76.00";"no";"no";"cellular";"15";"sep";"200";"1";"183";"1";"success";"yes"
"44798";"63";"admin.";"divorced";"secondary";"no";"4680.00";"no";"no";"cellular";"15";"sep";"953";"2";"-1";"0";"unknown";"yes"
"44799";"38";"management";"married";"tertiary";"no";"1477.00";"no";"no";"cellular";"15";"sep";"385";"3";"769";"2";"failure";"yes"
"44800";"43";"blue-collar";"married";"primary";"no";"445.00";"yes";"no";NULL;"15";"sep";"173";"1";"-1";"0";"unknown";"no"
"44801";"72";"Ret";"married";"tertiary";"no";"3561.00";"no";"no";"telephone";"15";"sep";"511";"3";"184";"7";"success";"yes"
"44802";"24";"student";"single";"secondary";"no";"8165.00";"no";"no";"cellular";"15";"sep";"216";"1";"-1";"0";"unknown";"yes"
"44803";"31";"management";"single";"tertiary";"no";"3340.00";"no";"no";"cellular";"15";"sep";"213";"2";"469";"3";"success";"yes"
"44804";"30";"technician";"single";"tertiary";"no";"0.00";"no";"no";"cellular";"15";"sep";"214";"2";"-1";"0";"unknown";"no"
"44805";"32";"student";"single";NULL;"no";"0.00";"no";"no";NULL;"15";"sep";"7";"1";"-1";"0";"unknown";"no"
"44806";"24";"unemployed";"single";"secondary";"no";"119.00";"no";"no";NULL;"15";"sep";"51";"1";"-1";"0";"unknown";"no"
"44807";"74";"Ret";"divorced";"primary";"no";"2308.00";"no";"no";"telephone";"16";"sep";"251";"2";"535";"2";"success";"no"
"44808";"33";"blue-collar";"single";"primary";"no";"611.00";"no";"no";"telephone";"16";"sep";"390";"2";"-1";"0";"unknown";"yes"
"44809";"36";"technician";"married";"tertiary";"no";"376.00";"no";"no";"cellular";"16";"sep";"173";"1";"-1";"0";"unknown";"yes"
"44810";"49";"technician";"married";"tertiary";"no";"1071.00";"no";"no";"cellular";"16";"sep";"225";"1";"91";"1";"success";"yes"
"44811";"29";"management";"married";"tertiary";"no";"247.00";"no";"no";"cellular";"16";"sep";"143";"2";"587";"3";"failure";"yes"
"44812";"39";"admin.";"divorced";"secondary";"no";"112.00";"no";"no";"cellular";"16";"sep";"574";"3";"-1";"0";"unknown";"yes"
"44813";"75";"Ret";"divorced";"primary";"no";"852.00";"no";"no";"cellular";"16";"sep";"228";"1";"185";"1";"failure";"no"
"44814";"78";"Ret";"divorced";"primary";"no";"527.00";"no";"no";"cellular";"16";"sep";"193";"1";"-1";"0";"unknown";"yes"
"44815";"61";"housemaid";"married";"primary";"no";"2580.00";"no";"no";"cellular";"16";"sep";"270";"3";"202";"7";"other";"yes"
"44816";"60";"Ret";"married";"secondary";"no";"975.00";"no";"no";"cellular";"16";"sep";"303";"1";"792";"1";"failure";"yes"
"44817";"35";"management";"married";NULL;"no";"2326.00";"yes";"yes";"cellular";"16";"sep";"319";"1";"-1";"0";"unknown";"yes"
"44818";"26";"student";"single";"secondary";"no";"655.00";"no";"no";"cellular";"16";"sep";"190";"1";"-1";"0";"unknown";"yes"
"44819";"37";"admin.";"married";"secondary";"no";"529.00";"yes";"no";"cellular";"16";"sep";"234";"1";"149";"2";"other";"no"
"44820";"58";"management";"divorced";NULL;"no";"2986.00";"no";"no";"cellular";"16";"sep";"414";"1";"91";"5";"other";"yes"
"44821";"23";"self-employed";"single";"tertiary";"no";"780.00";"no";"no";"cellular";"16";"sep";"393";"1";"183";"3";"success";"yes"
"44822";"67";"Ret";"married";"secondary";"no";"2048.00";"no";"no";"cellular";"16";"sep";"452";"5";"195";"4";"other";"yes"
"44823";"27";"blue-collar";"married";"secondary";"no";"821.00";"yes";"yes";NULL;"16";"sep";"23";"1";"778";"41";"other";"no"
"44824";"20";"student";"single";NULL;"no";"2785.00";"no";"no";"cellular";"16";"sep";"327";"2";"-1";"0";"unknown";"yes"
"44825";"28";"admin.";"single";"secondary";"no";"127.00";"no";"no";"cellular";"16";"sep";"1334";"2";"-1";"0";"unknown";"yes"
"44826";"66";"Ret";"married";"primary";"no";"388.00";"no";"no";"cellular";"17";"sep";"152";"2";"-1";"0";"unknown";"no"
"44827";"41";"management";"married";"tertiary";"no";"0.00";"no";"no";"cellular";"17";"sep";"294";"4";"63";"11";"other";"yes"
"44828";"31";"student";"single";"tertiary";"no";"4951.00";"no";"no";"cellular";"17";"sep";"285";"3";"81";"3";"failure";"yes"
"44829";"34";"management";"married";"tertiary";"no";"3301.00";"yes";"no";"cellular";"17";"sep";"164";"5";"92";"6";"success";"yes"
"44830";"37";"management";"divorced";"tertiary";"no";"488.00";"yes";"no";"cellular";"17";"sep";"328";"1";"854";"2";"failure";"yes"
"44831";"81";"Ret";"married";"primary";"no";"1154.00";"no";"no";"telephone";"17";"sep";"231";"1";"-1";"0";"unknown";"yes"
"44832";"46";"management";"divorced";"tertiary";"no";"624.00";"no";"no";"cellular";"17";"sep";"336";"2";"183";"2";"success";"yes"
"44833";"28";"admin.";"married";"secondary";"no";"242.00";"yes";"no";NULL;"17";"sep";"47";"1";"779";"12";"failure";"no"
"44834";"33";"blue-collar";"married";"secondary";"no";"889.00";"yes";"no";NULL;"18";"sep";"13";"1";"373";"6";"success";"no"
"44835";"37";"management";"married";"tertiary";"no";"257.00";"no";"no";NULL;"20";"sep";"11";"1";"-1";"0";"unknown";"no"
"44836";"46";"services";"married";"primary";"no";"4343.00";"yes";"no";NULL;"20";"sep";"185";"1";"-1";"0";"unknown";"yes"
"44837";"33";"blue-collar";"married";"primary";"no";"-195.00";"no";"no";NULL;"20";"sep";"9";"1";"-1";"0";"unknown";"no"
"44838";"35";"management";"single";"tertiary";"no";"151.00";"no";"no";NULL;"20";"sep";"11";"1";"850";"2";"failure";"no"
"44839";"32";"blue-collar";"single";"secondary";"no";"427.00";"no";"no";NULL;"20";"sep";"11";"1";"-1";"0";"unknown";"no"
"44840";"26";"management";"single";"tertiary";"no";"1.00";"no";"no";NULL;"21";"sep";"6";"1";"-1";"0";"unknown";"no"
"44841";"35";"management";"single";"tertiary";"no";"1120.00";"no";"no";NULL;"21";"sep";"4";"1";"771";"2";"success";"no"
"44842";"35";"student";"single";"secondary";"no";"278.00";"no";"no";NULL;"21";"sep";"84";"1";"-1";"0";"unknown";"no"
"44843";"31";"student";"single";"secondary";"no";"0.00";"no";"no";"cellular";"22";"sep";"173";"1";"-1";"0";"unknown";"no"
"44844";"44";"management";"divorced";"tertiary";"no";"2367.00";"no";"no";"cellular";"22";"sep";"263";"1";"184";"6";"success";"yes"
"44845";"23";"technician";"single";"secondary";"no";"283.00";"yes";"no";"cellular";"22";"sep";"175";"1";"184";"2";"success";"yes"
"44846";"40";"entrepreneur";"married";"secondary";"no";"6403.00";"no";"no";"cellular";"22";"sep";"208";"2";"-1";"0";"unknown";"yes"
"44847";"41";"technician";"married";"secondary";"no";"1819.00";"no";"no";"cellular";"22";"sep";"397";"1";"371";"3";"failure";"yes"
"44848";"27";"management";"married";"tertiary";"no";"802.00";"no";"no";"cellular";"22";"sep";"569";"1";"-1";"0";"unknown";"yes"
"44849";"45";"admin.";"single";"secondary";"no";"375.00";"no";"yes";NULL;"22";"sep";"10";"1";"594";"6";"failure";"no"
"44850";"70";"Ret";"married";"primary";"no";"3782.00";"no";"no";"cellular";"22";"sep";"704";"2";"190";"1";"failure";"no"
"44851";"36";"management";"single";"tertiary";"no";"5958.00";"yes";"no";"cellular";"22";"sep";"155";"1";"184";"1";"success";"yes"
"44852";"60";"admin.";"married";"secondary";"no";"3735.00";"no";"no";"cellular";"22";"sep";"183";"1";"184";"11";"success";"yes"
"44853";"55";"management";"married";"secondary";"no";"2693.00";"no";"no";"cellular";"22";"sep";"182";"1";"184";"7";"success";"yes"
"44854";"58";"technician";"married";"secondary";"no";"99.00";"no";"no";"telephone";"22";"sep";"396";"2";"-1";"0";"unknown";"yes"
"44855";"55";"management";"divorced";"tertiary";"no";"7010.00";"no";"no";"cellular";"22";"sep";"155";"1";"195";"2";"failure";"no"
"44856";"43";"unemployed";"married";"secondary";"no";"0.00";"yes";"yes";"cellular";"23";"sep";"183";"2";"184";"13";"failure";"yes"
"44857";"26";"management";"single";"tertiary";"no";"1027.00";"no";"no";"cellular";"23";"sep";"744";"1";"-1";"0";"unknown";"yes"
"44858";"25";"management";"single";"tertiary";"no";"3902.00";"no";"no";"cellular";"23";"sep";"856";"1";"-1";"0";"unknown";"yes"
"44859";"31";"housemaid";"married";"secondary";"no";"243.00";"yes";"no";"cellular";"23";"sep";"305";"2";"842";"1";"failure";"yes"
"44860";"55";"admin.";"married";"secondary";"no";"0.00";"no";"no";"cellular";"23";"sep";"180";"2";"238";"3";"success";"no"
"44861";"33";"management";"married";"tertiary";"no";"289.00";"no";"no";"cellular";"23";"sep";"333";"1";"-1";"0";"unknown";"no"
"44862";"55";"management";"divorced";"tertiary";"no";"26306.00";"yes";"no";"cellular";"23";"sep";"84";"1";"589";"4";"failure";"no"
"44863";"54";"services";"single";"secondary";"no";"0.00";"no";"no";"cellular";"23";"sep";"209";"1";"-1";"0";"unknown";"yes"
"44864";"33";"management";"single";"tertiary";"no";"224.00";"no";"no";"cellular";"23";"sep";"409";"2";"92";"4";"success";"yes"
"44865";"46";"management";"married";"tertiary";"no";"7485.00";"no";"no";"cellular";"23";"sep";"145";"1";"779";"2";"failure";"no"
"44866";"29";"unemployed";"single";"secondary";"no";"1055.00";"no";"no";"cellular";"23";"sep";"427";"1";"603";"1";"failure";"yes"
"44867";"28";"admin.";"single";"tertiary";"no";"313.00";"no";"yes";"cellular";"23";"sep";"124";"1";"59";"6";"failure";"no"
"44868";"36";"admin.";"single";"secondary";"no";"60.00";"yes";"no";"cellular";"23";"sep";"156";"2";"-1";"0";"unknown";"yes"
"44869";"31";"management";"single";"tertiary";"no";"2590.00";"no";"no";"cellular";"23";"sep";"103";"2";"484";"2";"other";"no"
"44870";"59";"management";"married";"tertiary";"no";"5397.00";"no";"no";"cellular";"23";"sep";"244";"1";"92";"3";"success";"yes"
"44871";"20";"student";"single";NULL;"no";"179.00";"no";"no";"cellular";"23";"sep";"317";"1";"182";"6";"failure";"no"
"44872";"37";"blue-collar";"single";NULL;"no";"217.00";"no";"no";"cellular";"23";"sep";"272";"2";"-1";"0";"unknown";"yes"
"44873";"30";"technician";"single";"secondary";"no";"1532.00";"no";"no";"cellular";"23";"sep";"447";"1";"489";"6";"failure";"no"
"44874";"35";"technician";"married";"tertiary";"no";"0.00";"yes";"yes";"cellular";"23";"sep";"112";"1";"62";"6";"other";"no"
"44875";"36";"unemployed";"married";"secondary";"no";"17458.00";"no";"no";"cellular";"23";"sep";"390";"2";"-1";"0";"unknown";"no"
"44876";"82";"Ret";"divorced";"primary";"no";"928.00";"no";"no";"telephone";"23";"sep";"217";"2";"188";"3";"other";"no"
"44877";"34";"management";"married";"tertiary";"no";"937.00";"no";"no";"cellular";"23";"sep";"405";"1";"391";"3";"failure";"no"
"44878";"28";"management";"single";"tertiary";"no";"6551.00";"no";"no";"cellular";"23";"sep";"203";"1";"-1";"0";"unknown";"yes"
"44879";"31";"blue-collar";"married";"secondary";"no";"812.00";"yes";"no";"cellular";"23";"sep";"245";"1";"-1";"0";"unknown";"no"
"44880";"30";"self-employed";"single";"tertiary";"no";"655.00";"no";"no";"cellular";"23";"sep";"272";"4";"184";"1";"success";"yes"
"44881";"38";"management";"married";"tertiary";"no";"845.00";"no";"no";"cellular";"23";"sep";"134";"1";"-1";"0";"unknown";"no"
"44882";"35";"admin.";"single";"secondary";"no";"303.00";"no";"no";"cellular";"24";"sep";"173";"2";"190";"10";"other";"yes"
"44883";"39";"admin.";"married";"tertiary";"no";"1322.00";"yes";"no";"cellular";"24";"sep";"157";"3";"486";"1";"other";"no"
"44884";"36";"self-employed";"married";"tertiary";"no";"980.00";"no";"no";"cellular";"24";"sep";"349";"2";"53";"8";"failure";"no"
"44885";"40";"management";"single";"tertiary";"no";"3840.00";"yes";"no";"cellular";"24";"sep";"232";"2";"409";"2";"success";"yes"
"44886";"32";"blue-collar";"single";"secondary";"no";"2093.00";"no";"no";"cellular";"24";"sep";"224";"2";"444";"1";"failure";"yes"
"44887";"38";"management";"married";"tertiary";"no";"0.00";"no";"no";"cellular";"24";"sep";"246";"12";"197";"6";"failure";"no"
"44888";"49";"management";"married";"tertiary";"no";"1167.00";"yes";"yes";"cellular";"24";"sep";"249";"1";"91";"14";"success";"yes"
"44889";"50";"services";"married";"secondary";"no";"2376.00";"yes";"no";"cellular";"24";"sep";"395";"1";"-1";"0";"unknown";"yes"
"44890";"29";"unemployed";"single";"secondary";"no";"670.00";"yes";"no";NULL;"26";"sep";"6";"1";"-1";"0";"unknown";"no"
"44891";"36";"unemployed";"married";"secondary";"no";"923.00";"no";"no";NULL;"27";"sep";"6";"1";"-1";"0";"unknown";"no"
"44892";"55";"services";"Div";"secondary";"no";"0.00";"no";"no";"cellular";"27";"sep";"262";"6";"193";"4";"success";"yes"
"44893";"89";"Ret";"married";"primary";"no";"0.00";"no";"no";"telephone";"27";"sep";"157";"5";"-1";"0";"unknown";"no"
"44894";"81";"Ret";"divorced";"primary";"no";"949.00";"no";"no";"cellular";"27";"sep";"188";"2";"280";"1";"other";"yes"
"44895";"72";"retired";"married";"primary";"no";"4657.00";"no";"no";"cellular";"27";"sep";"132";"4";"94";"16";"other";"no"
"44896";"34";"management";"married";"tertiary";"no";"812.00";"no";"no";"cellular";"27";"sep";"156";"2";"279";"1";"failure";"no"
"44897";"23";"student";"single";"secondary";"no";"1062.00";"no";"no";"telephone";"27";"sep";"379";"3";"-1";"0";"unknown";"no"
"44898";"31";"technician";"married";"tertiary";"no";"3338.00";"yes";"no";"cellular";"27";"sep";"162";"2";"95";"4";"failure";"no"
"44899";"24";"management";"single";"tertiary";"no";"393.00";"no";"no";"cellular";"27";"sep";"1298";"1";"-1";"0";"unknown";"yes"
"44900";"77";"retired";"married";"tertiary";"no";"0.00";"no";"no";"cellular";"27";"sep";"990";"4";"-1";"0";"unknown";"no"
"44901";"28";"admin.";"single";NULL;"no";"174.00";"no";"no";"cellular";"28";"sep";"184";"1";"-1";"0";"unknown";"no"
"44902";"34";"admin.";"single";"secondary";"no";"43.00";"yes";"no";NULL;"28";"sep";"6";"1";"-1";"0";"unknown";"no"
"44903";"69";"admin.";"married";"secondary";"no";"813.00";"no";"no";"telephone";"28";"sep";"237";"2";"-1";"0";"unknown";"no"
"44904";"38";"services";"married";"secondary";"no";"2678.00";"no";"no";"cellular";"28";"sep";"282";"2";"187";"1";"success";"yes"
"44905";"48";"management";"single";"tertiary";"no";"334.00";"yes";"no";"cellular";"28";"sep";"600";"2";"92";"12";"success";"yes"
"44906";"35";"management";"married";"secondary";"no";"683.00";"no";"no";NULL;"29";"sep";"13";"1";"-1";"0";"unknown";"no"
"44907";"32";"management";"single";"tertiary";"no";"414.00";"no";"no";NULL;"29";"sep";"21";"1";"680";"5";"failure";"no"
"44908";"31";"management";"married";NULL;"no";"385.00";"no";"no";"cellular";"29";"sep";"242";"2";"491";"4";"failure";"no"
"44909";"48";"management";"divorced";"tertiary";"no";"-130.00";"yes";"no";"cellular";"29";"sep";"110";"2";"61";"9";"failure";"no"
"44910";"39";"technician";"married";"tertiary";"no";"386.00";"no";"no";"cellular";"29";"sep";"201";"2";"-1";"0";"unknown";"no"
"44911";"61";"retired";"married";"secondary";"no";"11.00";"no";"no";"cellular";"29";"sep";"232";"1";"92";"3";"success";"yes"
"44912";"67";"retired";"married";"primary";"no";"4416.00";"no";"no";"cellular";"29";"sep";"245";"3";"-1";"0";"unknown";"yes"
"44913";"28";"management";"single";"tertiary";"no";"390.00";"no";"no";"cellular";"29";"sep";"845";"1";"232";"4";"success";"yes"
"44914";"29";"services";"single";"secondary";"no";"1934.00";"no";"no";"cellular";"29";"sep";"271";"1";"-1";"0";"unknown";"yes"
"44915";"43";"blue-collar";"married";"secondary";"no";"625.00";"yes";"no";NULL;"30";"sep";"175";"1";"-1";"0";"unknown";"no"
"44916";"27";"management";"single";"tertiary";"no";"1377.00";"no";"no";NULL;"30";"sep";"6";"1";"-1";"0";"unknown";"no"
"44917";"34";"technician";"single";"secondary";"no";"3311.00";"no";"no";"cellular";"1";"oct";"197";"2";"-1";"0";"unknown";"no"
"44918";"60";"admin.";"married";"secondary";"no";"4348.00";"yes";"no";"cellular";"1";"oct";"131";"2";"98";"12";"other";"no"
"44919";"35";"admin.";"married";"tertiary";"no";"318.00";"yes";"yes";"cellular";"1";"oct";"142";"1";"-1";"0";"unknown";"no"
"44920";"37";"blue-collar";"married";NULL;"no";"444.00";"no";"no";"cellular";"1";"oct";"143";"1";"94";"9";"other";"no"
"44921";"58";"unemployed";"married";"tertiary";"no";"1333.00";"no";"no";"cellular";"1";"oct";"278";"1";"-1";"0";"unknown";"no"
"44922";"42";"technician";"married";"secondary";"no";"2152.00";"no";"no";"cellular";"1";"oct";"161";"1";"92";"6";"failure";"no"
"44923";"54";"blue-collar";"single";"secondary";"no";"1633.00";"yes";"no";NULL;"4";"oct";"12";"1";"-1";"0";"unknown";"no"
"44924";"31";"technician";"married";"secondary";"no";"439.00";"no";"no";NULL;"4";"oct";"5";"1";"-1";"0";"unknown";"no"
"44925";"35";"blue-collar";"married";"secondary";"no";"137.00";"no";"yes";NULL;"4";"oct";"5";"1";"808";"12";"failure";"no"
"44926";"21";"technician";"single";"secondary";"no";"519.00";"no";"no";NULL;"4";"oct";"5";"1";"-1";"0";"unknown";"no"
"44927";"34";"blue-collar";"married";"tertiary";"no";"20.00";"no";"no";NULL;"4";"oct";"10";"1";"-1";"0";"unknown";"no"
"44928";"21";"student";"single";"secondary";"no";"57.00";"no";"no";NULL;"4";"oct";"9";"1";"-1";"0";"unknown";"no"
"44929";"49";"management";"married";"tertiary";"no";"2037.00";"no";"no";NULL;"5";"oct";"10";"1";"-1";"0";"unknown";"no"
"44930";"30";"services";"single";"tertiary";"no";"21.00";"no";"no";NULL;"5";"oct";"4";"1";"-1";"0";"unknown";"no"
"44931";"34";"admin.";"single";"secondary";"no";"239.00";"no";"no";NULL;"5";"oct";"6";"1";"-1";"0";"unknown";"no"
"44932";"31";"student";"single";"secondary";"no";"3511.00";"no";"no";"cellular";"6";"oct";"311";"1";"96";"1";"success";"yes"
"44933";"71";"retired";"married";"secondary";"no";"1696.00";"no";"no";"cellular";"6";"oct";"486";"1";"-1";"0";"unknown";"yes"
"44934";"33";"self-employed";"married";"tertiary";"no";"1278.00";"no";"no";"cellular";"6";"oct";"649";"1";"-1";"0";"unknown";"yes"
"44935";"47";"self-employed";"married";"tertiary";"no";"1011.00";"no";"no";"cellular";"6";"oct";"808";"1";"-1";"0";"unknown";"yes"
"44936";"39";"management";"married";"tertiary";"no";"2939.00";"no";"no";"cellular";"6";"oct";"608";"1";"99";"3";"failure";"yes"
"44937";"27";"technician";"single";"secondary";"no";"927.00";"no";"no";"cellular";"6";"oct";"261";"1";"-1";"0";"unknown";"no"
"44938";"26";"unemployed";"single";"tertiary";"no";"3466.00";"no";"no";"cellular";"6";"oct";"275";"2";"-1";"0";"unknown";"yes"
"44939";"47";"housemaid";"single";"tertiary";"no";"3232.00";"no";"no";"telephone";"6";"oct";"541";"1";"204";"3";"failure";"no"
"44940";"79";"retired";"divorced";"primary";"no";"336.00";"no";"no";"cellular";"6";"oct";"386";"1";"184";"1";"other";"no"
"44941";"22";"admin.";"single";"secondary";"no";"372.00";"no";"no";"cellular";"6";"oct";"218";"1";"-1";"0";"unknown";"yes"
"44942";"34";"management";"single";"tertiary";"no";"549.00";"no";"no";"cellular";"6";"oct";"1246";"2";"-1";"0";"unknown";"yes"
"44943";"26";"management";"single";"tertiary";"no";"1592.00";"no";"no";"cellular";"6";"oct";"604";"2";"485";"5";"other";"no"
"44944";"40";"housemaid";"married";"tertiary";"no";"0.00";"no";"no";NULL;"6";"oct";"6";"1";"-1";"0";"unknown";"no"
"44945";"24";"technician";"single";"tertiary";"no";"368.00";"no";"no";"cellular";"7";"oct";"197";"2";"-1";"0";"unknown";"no"
"44946";"60";"retired";"married";"secondary";"no";"7038.00";"no";"no";"telephone";"7";"oct";"138";"4";"-1";"0";"unknown";"no"
"44947";"28";"management";"single";"tertiary";"no";"616.00";"yes";"no";"cellular";"7";"oct";"116";"1";"503";"2";"success";"no"
"44948";"55";"admin.";"divorced";"secondary";"no";"0.00";"yes";"yes";"cellular";"7";"oct";"122";"1";"245";"4";"failure";"no"
"44949";"26";"student";"single";"secondary";"no";"706.00";"no";"no";NULL;"8";"oct";"118";"1";"105";"2";"other";"no"
"44950";"36";"admin.";"single";"tertiary";"no";"5007.00";"yes";"no";"cellular";"8";"oct";"135";"3";"331";"4";"failure";"no"
"44951";"32";"student";"single";"secondary";"no";"1102.00";"no";"no";"telephone";"8";"oct";"194";"1";"-1";"0";"unknown";"yes"
"44952";"48";"services";"Div";NULL;"no";"973.00";"no";"no";"cellular";"8";"oct";"319";"1";"134";"2";"success";"yes"
"44953";"73";"retired";"married";"secondary";"no";"2850.00";"no";"no";"cellular";"8";"oct";"512";"1";"144";"7";"failure";"no"
"44954";"38";"admin.";"married";"secondary";"no";"5270.00";"no";"no";"cellular";"8";"oct";"163";"1";"91";"12";"other";"no"
"44955";"32";"management";"married";"tertiary";"no";"927.00";"no";"no";"cellular";"8";"oct";"282";"1";"-1";"0";"unknown";"no"
"44956";"51";"management";"married";"tertiary";"no";"5108.00";"yes";"no";"cellular";"8";"oct";"272";"1";"102";"8";"other";"no"
"44957";"29";"unemployed";"married";"secondary";"no";"687.00";"no";"no";"cellular";"8";"oct";"309";"2";"88";"6";"other";"no"
"44958";"32";"management";"single";"tertiary";"no";"3289.00";"no";"no";"cellular";"8";"oct";"375";"2";"179";"2";"failure";"no"
"44959";"32";"technician";"single";NULL;"no";"491.00";"no";"no";"cellular";"8";"oct";"251";"2";"91";"7";"success";"yes"
"44960";"36";"technician";"single";"secondary";"no";"966.00";"no";"no";"cellular";"8";"oct";"135";"2";"91";"13";"failure";"no"
"44961";"58";"admin.";"divorced";"secondary";"no";"3337.00";"yes";"no";"telephone";"8";"oct";"369";"2";"690";"3";"failure";"yes"
"44962";"48";"admin.";"married";"secondary";"no";"368.00";"no";"no";"cellular";"8";"oct";"363";"2";"140";"7";"success";"yes"
"44963";"34";"admin.";"married";"secondary";"no";"247.00";"no";"no";"cellular";"8";"oct";"401";"2";"-1";"0";"unknown";"yes"
"44964";"37";"blue-collar";"married";"secondary";"no";"1403.00";"no";"no";NULL;"9";"oct";"14";"1";"-1";"0";"unknown";"no"
"44965";"21";"blue-collar";"single";"primary";"no";"-42.00";"no";"no";NULL;"10";"oct";"5";"1";"-1";"0";"unknown";"no"
"44966";"36";"management";"single";"tertiary";"no";"335.00";"no";"no";NULL;"10";"oct";"5";"1";"772";"4";"failure";"no"
"44967";"28";"services";"single";"secondary";"no";"1347.00";"no";"no";"telephone";"11";"oct";"317";"2";"108";"14";"other";"no"
"44968";"70";"retired";"divorced";"secondary";"no";"4572.00";"no";"no";"cellular";"11";"oct";"115";"2";"95";"16";"failure";"no"
"44969";"27";"student";"single";"tertiary";"no";"838.00";"no";"no";"cellular";"11";"oct";"162";"1";"-1";"0";"unknown";"no"
"44970";"51";"entrepreneur";"divorced";"tertiary";"no";"315.00";"no";"no";"cellular";"11";"oct";"291";"1";"91";"4";"failure";"no"
"44971";"28";"???";"single";NULL;"no";"326.00";"no";"no";"cellular";"11";"oct";"450";"1";"231";"1";"success";"yes"
"44972";"48";"admin.";"married";"secondary";"no";"0.00";"no";"yes";"cellular";"11";"oct";"195";"1";"104";"5";"failure";"no"
"44973";"36";"technician";"single";"secondary";"no";"12264.00";"no";"no";"cellular";"11";"oct";"285";"1";"182";"2";"success";"yes"
"44974";"67";"retired";"married";"secondary";"no";"203.00";"no";"no";"cellular";"11";"oct";"405";"1";"266";"2";"success";"yes"
"44975";"39";"management";"married";"tertiary";"no";"839.00";"no";"yes";"cellular";"11";"oct";"365";"2";"774";"11";"failure";"no"
"44976";"30";"management";"single";"tertiary";"no";"502.00";"no";"no";"cellular";"11";"oct";"463";"3";"95";"6";"success";"yes"
"44977";"62";"retired";"married";"secondary";"no";"2917.00";"no";"no";"cellular";"11";"oct";"123";"2";"182";"2";"failure";"no"
"44978";"27";"admin.";"married";"tertiary";"no";"346.00";"no";"no";"cellular";"11";"oct";"212";"1";"-1";"0";"unknown";"yes"
"44979";"58";"admin.";"married";"secondary";"no";"3927.00";"no";"no";"cellular";"11";"oct";"124";"3";"363";"1";"failure";"no"
"44980";"24";"student";"single";"secondary";"no";"1809.00";"no";"no";"cellular";"11";"oct";"165";"1";"95";"2";"success";"yes"
"44981";"32";"admin.";"married";"secondary";"no";"1229.00";"no";"no";"cellular";"11";"oct";"485";"1";"182";"1";"success";"no"
"44982";"52";"technician";"married";"secondary";"no";"553.00";"yes";"no";"telephone";"11";"oct";"160";"1";"-1";"0";"unknown";"no"
"44983";"46";"admin.";"married";"secondary";"no";"171.00";"yes";"yes";"cellular";"11";"oct";"251";"1";"430";"1";"failure";"no"
"44984";"35";"blue-collar";"divorced";NULL;"no";"172.00";"no";"no";NULL;"11";"oct";"4";"1";"381";"2";"other";"no"
"44985";"33";"management";"single";"tertiary";"no";"816.00";"yes";"no";"cellular";"11";"oct";"383";"2";"503";"2";"failure";"yes"
"44986";"29";"admin.";"married";"secondary";"no";"535.00";"no";"no";"cellular";"11";"oct";"185";"2";"-1";"0";"unknown";"no"
"44987";"51";"retired";"married";"secondary";"no";"0.00";"yes";"no";"cellular";"11";"oct";"146";"4";"-1";"0";"unknown";"no"
"44988";"42";"management";"married";"tertiary";"no";"298.00";"no";"no";"cellular";"11";"oct";"137";"3";"95";"10";"failure";"no"
"44989";"27";"unemployed";"single";"primary";"no";"93.00";"no";"no";NULL;"11";"oct";"4";"1";"-1";"0";"unknown";"no"
"44990";"59";"retired";"divorced";"primary";"no";"606.00";"no";"no";NULL;"12";"oct";"54";"1";"526";"2";"failure";"no"
"44991";"31";"management";"married";"tertiary";"no";"4328.00";"no";"no";"cellular";"12";"oct";"203";"4";"165";"14";"success";"yes"
"44992";"25";"blue-collar";"single";"secondary";"no";"1857.00";"yes";"no";"cellular";"12";"oct";"187";"1";"91";"12";"success";"yes"
"44993";"38";"management";"married";"tertiary";"no";"1257.00";"no";"no";"cellular";"12";"oct";"166";"1";"-1";"0";"unknown";"no"
"44994";"43";"admin.";"single";"secondary";"no";"386.00";"no";"no";"cellular";"12";"oct";"242";"1";"92";"4";"success";"no"
"44995";"27";"student";"single";"secondary";"no";"279.00";"no";"no";"cellular";"12";"oct";"323";"1";"-1";"0";"unknown";"yes"
"44996";"25";"admin.";"single";"tertiary";"no";"2916.00";"no";"no";"cellular";"12";"oct";"143";"1";"-1";"0";"unknown";"no"
"44997";"75";"retired";"divorced";"secondary";"no";"1092.00";"no";"no";"telephone";"12";"oct";"250";"1";"431";"2";"failure";"no"
"44998";"33";"self-employed";"single";"tertiary";"no";"658.00";"yes";"no";"cellular";"12";"oct";"146";"2";"183";"3";"failure";"no"
"44999";"33";"management";"single";"tertiary";"no";"131.00";"yes";"no";"cellular";"12";"oct";"209";"3";"427";"2";"failure";"yes"
"45000";"63";"management";"married";"tertiary";"no";"0.00";"no";"no";"cellular";"12";"oct";"130";"2";"182";"6";"failure";"no"
"45001";"38";"blue-collar";"single";"secondary";"no";"0.00";"no";"no";NULL;"12";"oct";"8";"1";"-1";"0";"unknown";"no"
"45002";"25";"management";"single";"tertiary";"no";"1650.00";"yes";"no";NULL;"12";"oct";"5";"1";"-1";"0";"unknown";"no"
"45003";"36";"management";"single";"tertiary";"no";"2646.00";"no";"no";"cellular";"13";"oct";"169";"1";"182";"10";"success";"yes"
"45004";"62";"self-employed";"divorced";"tertiary";"no";"6.00";"yes";"no";"cellular";"13";"oct";"216";"1";"183";"4";"success";"yes"
"45005";"29";"self-employed";"single";"tertiary";"no";"1579.00";"no";"no";"cellular";"13";"oct";"190";"1";"92";"5";"success";"yes"
"45006";"26";"blue-collar";"single";"secondary";"no";"2007.00";"no";"no";"cellular";"13";"oct";"194";"1";"92";"5";"success";"yes"
"45007";"38";"management";"married";"tertiary";"no";"413.00";"no";"no";"cellular";"13";"oct";"252";"2";"183";"3";"success";"yes"
"45008";"29";"admin.";"married";"tertiary";"no";"167.00";"yes";"yes";"cellular";"13";"oct";"357";"2";"237";"2";"failure";"no"
"45009";"26";"technician";"single";"secondary";"no";"342.00";"no";"no";"cellular";"14";"oct";"133";"2";"-1";"0";"unknown";"no"
"45010";"43";"technician";"married";"secondary";"no";"297.00";"yes";"no";"cellular";"14";"oct";"119";"3";"-1";"0";"unknown";"no"
"45011";"86";"retired";"married";"primary";"no";"1255.00";"no";"no";"cellular";"14";"oct";"192";"2";"92";"4";"success";"no"
"45012";"59";"technician";"married";"secondary";"no";"1.00";"no";"no";"cellular";"14";"oct";"585";"1";"182";"5";"success";"yes"
"45013";"51";"management";"married";"tertiary";"no";"469.00";"no";"no";"cellular";"14";"oct";"491";"1";"182";"3";"success";"yes"
"45014";"28";"self-employed";"single";"tertiary";"no";"159.00";"no";"no";"cellular";"14";"oct";"246";"2";"420";"2";"other";"yes"
"45015";"36";"blue-collar";"single";"tertiary";"no";"1830.00";"no";"no";"cellular";"14";"oct";"183";"1";"91";"11";"failure";"no"
"45016";"53";"admin.";"married";"secondary";"no";"459.00";"no";"no";"cellular";"14";"oct";"317";"6";"192";"1";"success";"no"
"45017";"40";"management";"married";"tertiary";"no";"0.00";"no";"no";"cellular";"14";"oct";"1410";"3";"-1";"0";"unknown";"no"
"45018";"27";"technician";"single";"secondary";"no";"643.00";"no";"no";"telephone";"14";"oct";"301";"1";"93";"1";"success";"yes"
"45019";"38";"management";"married";"tertiary";"no";"276.00";"no";"no";"cellular";"14";"oct";"322";"1";"-1";"0";"unknown";"no"
"45020";"57";"admin.";"married";"secondary";"no";"16873.00";"no";"no";"cellular";"14";"oct";"219";"3";"372";"1";"failure";"no"
"45021";"28";"management";"single";"tertiary";"no";"9710.00";"no";"no";"cellular";"14";"oct";"786";"2";"-1";"0";"unknown";"no"
"45022";"37";"management";"married";"secondary";"no";"209.00";"no";"no";"cellular";"14";"oct";"183";"3";"528";"7";"unknown";"no"
"45023";"42";"admin.";"married";NULL;"no";"756.00";"no";"no";"cellular";"14";"oct";"72";"4";"160";"3";"failure";"no"
"45024";"41";"management";"divorced";"tertiary";"no";"3355.00";"no";"no";"cellular";"14";"oct";"181";"2";"500";"1";"failure";"no"
"45025";"47";"admin.";"married";"secondary";"no";"1387.00";"yes";"no";"cellular";"14";"oct";"158";"1";"826";"1";"failure";"no"
"45026";"61";"retired";"married";"secondary";"no";"938.00";"no";"no";"cellular";"15";"oct";"212";"2";"92";"5";"success";"no"
"45027";"45";"management";"married";"secondary";"no";"2897.00";"no";"no";"cellular";"15";"oct";"531";"4";"105";"7";"failure";"no"
"45028";"39";"services";"single";"secondary";"no";"471.00";"no";"no";NULL;"15";"oct";"5";"1";"-1";"0";"unknown";"no"
"45029";"60";"retired";"divorced";"secondary";"no";"514.00";"no";"no";"cellular";"15";"oct";"187";"2";"213";"10";"success";"yes"
"45030";"40";"housemaid";"married";"primary";"no";"979.00";"no";"no";"cellular";"15";"oct";"106";"4";"-1";"0";"unknown";"no"
"45031";"29";"self-employed";"single";"tertiary";"no";"270.00";"yes";"no";"cellular";"15";"oct";"94";"5";"274";"11";"failure";"no"
"45032";"42";"unemployed";"married";"secondary";"no";"1289.00";"no";"no";"cellular";"15";"oct";"1176";"3";"92";"6";"success";"yes"
"45033";"29";"blue-collar";"single";"secondary";"no";"2806.00";"no";"no";"cellular";"15";"oct";"294";"1";"93";"5";"other";"no"
"45034";"26";"admin.";"married";"tertiary";"no";"319.00";"no";"no";"cellular";"15";"oct";"88";"1";"-1";"0";"unknown";"no"
"45035";"33";"management";"single";"tertiary";"no";"718.00";"yes";"no";"cellular";"18";"oct";"104";"1";"111";"4";"success";"no"
"45036";"47";"admin.";"married";"secondary";"no";"3676.00";"no";"no";"cellular";"18";"oct";"567";"1";"95";"3";"success";"yes"
"45037";"28";"management";"married";"tertiary";"no";"1918.00";"no";"no";"cellular";"18";"oct";"333";"1";"616";"1";"failure";"no"
"45038";"45";"management";"single";"tertiary";"no";"2048.00";"yes";"no";"cellular";"18";"oct";"310";"1";"804";"1";"failure";"yes"
"45039";"43";"unemployed";"married";"tertiary";"no";"0.00";"no";"no";"cellular";"18";"oct";"464";"1";"94";"2";"success";"yes"
"45040";"22";"management";"single";"tertiary";"no";"104.00";"no";"yes";"cellular";"18";"oct";"509";"1";"185";"3";"success";"yes"
"45041";"34";"technician";"married";"secondary";"no";"159.00";"yes";"no";"cellular";"18";"oct";"252";"1";"-1";"0";"unknown";"yes"
"45042";"29";"management";"single";"tertiary";"no";"600.00";"yes";"no";"cellular";"18";"oct";"170";"5";"-1";"0";"unknown";"no"
"45043";"64";"retired";"married";"secondary";"no";"466.00";"yes";"no";"cellular";"18";"oct";"526";"1";"-1";"0";"unknown";"yes"
"45044";"39";"admin.";"divorced";"secondary";"no";"728.00";"yes";"yes";"cellular";"18";"oct";"222";"1";"-1";"0";"unknown";"yes"
"45045";"35";"management";"married";"secondary";"no";"724.00";"yes";"no";"cellular";"18";"oct";"102";"3";"96";"3";"success";"no"
"45046";"26";"student";"single";"secondary";"no";"316.00";"no";"no";"cellular";"18";"oct";"375";"2";"-1";"0";"unknown";"no"
"45047";"27";"management";"single";"tertiary";"no";"107.00";"no";"no";"cellular";"18";"oct";"767";"3";"-1";"0";"unknown";"yes"
"45048";"69";"retired";"divorced";"secondary";"no";"4189.00";"no";"no";"cellular";"18";"oct";"138";"4";"96";"2";"success";"no"
"45049";"32";"student";"single";"tertiary";"no";"922.00";"no";"no";"cellular";"18";"oct";"338";"2";"-1";"0";"unknown";"no"
"45050";"25";"technician";"single";"secondary";"no";"3843.00";"no";"no";"cellular";"18";"oct";"159";"2";"95";"2";"failure";"no"
"45051";"66";"retired";"married";"secondary";"no";"3409.00";"no";"no";"cellular";"19";"oct";"133";"3";"160";"3";"failure";"no"
"45052";"26";"technician";"single";"secondary";"no";"4859.00";"no";"no";"cellular";"19";"oct";"90";"2";"92";"3";"other";"no"
"45053";"49";"blue-collar";"married";"secondary";"no";"1946.00";"no";"no";"cellular";"19";"oct";"192";"1";"95";"1";"success";"yes"
"45054";"25";"admin.";"single";"tertiary";"no";"1734.00";"no";"no";"cellular";"19";"oct";"366";"1";"-1";"0";"unknown";"no"
"45055";"34";"admin.";"single";"tertiary";"no";"1077.00";"no";"no";"cellular";"19";"oct";"218";"1";"151";"5";"other";"no"
"45056";"42";"management";"married";NULL;"no";"1519.00";"no";"no";"cellular";"19";"oct";"230";"1";"92";"1";"success";"yes"
"45057";"64";"management";"married";"tertiary";"no";"5112.00";"no";"no";"telephone";"19";"oct";"898";"7";"137";"11";"other";"yes"
"45058";"44";"management";"single";"tertiary";"no";"1090.00";"no";"no";"cellular";"20";"oct";"178";"4";"93";"6";"success";"yes"
"45059";"36";"technician";"married";"tertiary";"no";"521.00";"no";"no";"cellular";"20";"oct";"347";"3";"-1";"0";"unknown";"yes"
"45060";"43";"management";"married";"tertiary";"no";"2450.00";"no";"yes";"cellular";"20";"oct";"124";"1";"-1";"0";"unknown";"no"
"45061";"64";"retired";"divorced";"secondary";"no";"4833.00";"no";"no";"cellular";"20";"oct";"621";"1";"181";"3";"failure";"yes"
"45062";"30";"self-employed";"single";"secondary";"no";"1031.00";"no";"no";NULL;"20";"oct";"7";"1";"-1";"0";"unknown";"no"
"45063";"58";"retired";"married";"primary";"no";"742.00";"no";"no";NULL;"20";"oct";"5";"1";"-1";"0";"unknown";"no"
"45064";"75";"retired";"married";"tertiary";"no";"4912.00";"no";"no";"telephone";"20";"oct";"238";"2";"183";"5";"failure";"no"
"45065";"52";"admin.";"married";"secondary";"no";"423.00";"yes";"yes";"cellular";"20";"oct";"139";"2";"96";"7";"failure";"no"
"45066";"30";"management";"single";"tertiary";"no";"2344.00";"yes";"no";"cellular";"20";"oct";"316";"2";"92";"3";"failure";"no"
"45067";"29";"student";"single";"secondary";"no";"1925.00";"no";"no";"cellular";"21";"oct";"150";"3";"149";"5";"success";"yes"
"45068";"52";"management";"married";"secondary";"no";"335.00";"no";"no";"cellular";"21";"oct";"411";"1";"182";"1";"failure";"yes"
"45069";"26";"student";"single";"secondary";"no";"108.00";"no";"no";"cellular";"21";"oct";"235";"1";"175";"3";"success";"no"
"45070";"52";"technician";"married";"secondary";"no";"371.00";"yes";"yes";"cellular";"21";"oct";"453";"1";"183";"3";"success";"yes"
"45071";"49";"technician";"married";"secondary";"no";"2400.00";"no";"no";"cellular";"21";"oct";"262";"3";"-1";"0";"unknown";"no"
"45072";"27";"unemployed";"single";"secondary";"no";"771.00";"no";"no";"cellular";"21";"oct";"181";"1";"302";"3";"other";"yes"
"45073";"54";"management";"divorced";"tertiary";"no";"5475.00";"no";"no";"cellular";"21";"oct";"1032";"1";"91";"4";"success";"yes"
"45074";"37";"management";"married";"tertiary";"no";"203.00";"no";"no";"cellular";"21";"oct";"759";"1";"90";"5";"success";"yes"
"45075";"48";"admin.";"married";"secondary";"no";"50.00";"no";"yes";"cellular";"21";"oct";"419";"1";"-1";"0";"unknown";"yes"
"45076";"28";"technician";"single";"tertiary";"no";"11862.00";"no";"no";"cellular";"21";"oct";"549";"2";"238";"13";"other";"yes"
"45077";"46";"technician";"married";"secondary";"no";"9299.00";"no";"no";"cellular";"21";"oct";"201";"5";"94";"3";"success";"no"
"45078";"20";"student";"single";"secondary";"no";"88.00";"no";"no";"telephone";"21";"oct";"621";"1";"181";"4";"other";"no"
"45079";"77";"retired";"married";"secondary";"no";"820.00";"no";"no";"telephone";"21";"oct";"330";"2";"181";"4";"success";"yes"
"45080";"63";"retired";"single";"tertiary";"no";"791.00";"no";"no";"cellular";"21";"oct";"212";"2";"-1";"0";"unknown";"yes"
"45081";"27";"student";"single";"secondary";"no";"1164.00";"no";"no";"cellular";"21";"oct";"256";"2";"104";"2";"failure";"no"
"45082";"34";"technician";"single";"secondary";"no";"1279.00";"yes";"no";"cellular";"21";"oct";"339";"3";"91";"10";"success";"yes"
"45083";"66";"retired";"married";"primary";"no";"8.00";"no";"no";"cellular";"22";"oct";"56";"2";"-1";"0";"unknown";"no"
"45084";"59";"entrepreneur";"married";"secondary";"no";"496.00";"no";"no";"cellular";"22";"oct";"738";"3";"183";"1";"success";"yes"
"45085";"29";"blue-collar";"single";"tertiary";"no";"455.00";"no";"no";"cellular";"22";"oct";"542";"4";"148";"3";"success";"yes"
"45086";"25";"technician";"single";"secondary";"no";"325.00";"no";"no";"cellular";"22";"oct";"716";"3";"-1";"0";"unknown";"yes"
"45087";"38";"management";"married";"tertiary";"no";"536.00";"yes";"no";"cellular";"22";"oct";"234";"1";"92";"1";"success";"yes"
"45088";"31";"technician";"single";"secondary";"no";"845.00";"yes";"no";"cellular";"22";"oct";"168";"2";"-1";"0";"unknown";"no"
"45089";"38";"management";"single";"tertiary";"no";"1373.00";"no";"no";"cellular";"22";"oct";"119";"4";"-1";"0";"unknown";"no"
"45090";"57";"unemployed";"divorced";"primary";"no";"282.00";"no";"no";"cellular";"22";"oct";"460";"1";"88";"4";"other";"no"
"45091";"33";"admin.";"single";"tertiary";"no";"146.00";"no";"no";"cellular";"22";"oct";"380";"1";"91";"3";"success";"yes"
"45092";"61";"retired";"married";"primary";"no";"2686.00";"no";"no";"telephone";"22";"oct";"84";"3";"-1";"0";"unknown";"no"
"45093";"43";"management";"single";"tertiary";"no";"2081.00";"no";"no";"cellular";"22";"oct";"554";"3";"-1";"0";"unknown";"yes"
"45094";"37";"technician";"married";"secondary";"no";"480.00";"no";"no";"cellular";"22";"oct";"344";"2";"182";"8";"other";"yes"
"45095";"47";"admin.";"single";"secondary";"no";"1693.00";"yes";"no";"cellular";"22";"oct";"608";"2";"92";"4";"other";"yes"
"45096";"77";"retired";"divorced";"primary";"no";"2693.00";"no";"no";"cellular";"25";"oct";"83";"2";"94";"12";"other";"no"
"45097";"63";"retired";"married";"secondary";"no";"1495.00";"no";"no";"cellular";"25";"oct";"389";"1";"195";"4";"other";"yes"
"45098";"61";"self-employed";"married";"tertiary";"no";"10861.00";"no";"no";"cellular";"25";"oct";"225";"1";"91";"5";"success";"yes"
"45099";"44";"technician";"single";NULL;"no";"11115.00";"no";"no";"cellular";"25";"oct";"189";"1";"185";"4";"success";"no"
"45100";"30";"management";"single";"tertiary";"no";"985.00";"yes";"no";"cellular";"25";"oct";"304";"1";"94";"2";"success";"yes"
"45101";"34";"blue-collar";"married";"secondary";"no";"152.00";"no";"no";"cellular";"25";"oct";"275";"1";"-1";"0";"unknown";"no"
"45102";"74";"retired";"married";"secondary";"no";"935.00";"no";"no";"cellular";"25";"oct";"400";"1";"173";"3";"success";"yes"
"45103";"31";"admin.";"single";"secondary";"no";"410.00";"no";"no";"cellular";"25";"oct";"182";"1";"185";"1";"success";"yes"
"45104";"33";"admin.";"married";"secondary";"no";"51.00";"yes";"yes";"cellular";"25";"oct";"253";"1";"284";"3";"success";"yes"
"45105";"73";"retired";"married";"primary";"no";"1388.00";"no";"no";"telephone";"25";"oct";"254";"1";"97";"6";"failure";"no"
"45106";"36";"technician";"married";"secondary";"no";"2779.00";"no";"no";"cellular";"25";"oct";"324";"1";"182";"4";"success";"no"
"45107";"32";"technician";"married";"secondary";"no";"660.00";"no";"no";"cellular";"25";"oct";"226";"2";"490";"1";"failure";"yes"
"45108";"25";"student";"single";"secondary";"no";"679.00";"no";"no";"cellular";"25";"oct";"297";"5";"94";"6";"other";"yes"
"45109";"36";"technician";"married";"tertiary";"no";"844.00";"yes";"yes";"cellular";"25";"oct";"129";"1";"-1";"0";"unknown";"no"
"45110";"78";"management";"married";NULL;"no";"1780.00";"yes";"no";"cellular";"25";"oct";"211";"2";"185";"7";"success";"yes"
"45111";"50";"management";"married";"tertiary";"no";"8205.00";"yes";"no";"telephone";"25";"oct";"293";"3";"508";"1";"other";"no"
"45112";"64";"retired";"married";"primary";"no";"445.00";"no";"no";"cellular";"26";"oct";"338";"3";"186";"1";"other";"no"
"45113";"24";"student";"single";"secondary";"no";"1234.00";"no";"no";"telephone";"26";"oct";"280";"2";"97";"3";"success";"no"
"45114";"26";"management";"single";"tertiary";"no";"222.00";"no";"no";"cellular";"26";"oct";"318";"1";"120";"3";"success";"yes"
"45115";"36";"technician";"single";"secondary";"no";"204.00";"yes";"no";"cellular";"26";"oct";"196";"1";"144";"8";"other";"no"
"45116";"30";"management";"single";"tertiary";"no";"565.00";"yes";"no";"cellular";"26";"oct";"104";"1";"-1";"0";"unknown";"no"
"45117";"25";"student";"single";"secondary";"no";"1868.00";"no";"no";"cellular";"26";"oct";"259";"1";"103";"2";"other";"yes"
"45118";"54";"admin.";"divorced";"tertiary";"no";"122.00";"no";"no";"cellular";"26";"oct";"322";"1";"547";"1";"failure";"no"
"45119";"78";"retired";"married";"primary";"no";"14204.00";"no";"no";"cellular";"26";"oct";"150";"1";"183";"1";"other";"no"
"45120";"47";"admin.";"married";"secondary";"no";"1210.00";"no";"no";"cellular";"26";"oct";"604";"1";"91";"4";"failure";"yes"
"45121";"32";"technician";"married";"secondary";"no";"1547.00";"no";"no";"cellular";"26";"oct";"289";"1";"805";"4";"other";"yes"
"45122";"56";"admin.";"divorced";"secondary";"no";"1693.00";"no";"no";"cellular";"26";"oct";"238";"4";"442";"4";"failure";"yes"
"45123";"40";"entrepreneur";"single";"tertiary";"no";"262.00";"yes";"yes";NULL;"26";"oct";"17";"1";"-1";"0";"unknown";"no"
"45124";"49";"technician";"married";"secondary";"no";"308.00";"no";"no";"cellular";"26";"oct";"260";"2";"91";"5";"failure";"no"
"45125";"27";"blue-collar";"single";"primary";"no";"232.00";"yes";"no";"cellular";"26";"oct";"701";"2";"-1";"0";"unknown";"yes"
"45126";"40";"management";"divorced";"tertiary";"no";"858.00";"no";"no";"cellular";"26";"oct";"202";"2";"-1";"0";"unknown";"yes"
"45127";"54";"technician";"married";"tertiary";"no";"876.00";"no";"no";"cellular";"27";"oct";"269";"3";"541";"3";"success";"yes"
"45128";"67";"blue-collar";"married";"secondary";"no";"16353.00";"no";"no";"cellular";"27";"oct";"223";"2";"-1";"0";"unknown";"no"
"45129";"23";"unemployed";"single";"tertiary";"no";"993.00";"no";"no";"cellular";"27";"oct";"409";"1";"91";"4";"success";"no"
"45130";"46";"technician";"married";NULL;"no";"3308.00";"no";"no";"cellular";"27";"oct";"171";"1";"91";"2";"success";"yes"
"45131";"33";"technician";"married";"secondary";"no";"5083.00";"no";"no";"cellular";"27";"oct";"161";"1";"96";"2";"other";"no"
"45132";"47";"management";"married";"tertiary";"no";"0.00";"no";"no";"cellular";"27";"oct";"508";"1";"-1";"0";"unknown";"yes"
"45133";"61";"retired";"married";"secondary";"no";"1058.00";"no";"no";"cellular";"27";"oct";"277";"1";"92";"5";"success";"no"
"45134";"24";"student";"single";"secondary";"no";"822.00";"no";"no";"cellular";"27";"oct";"184";"1";"91";"2";"failure";"yes"
"45135";"70";"retired";"married";"secondary";"no";"0.00";"no";"no";"cellular";"27";"oct";"258";"1";"92";"5";"success";"yes"
"45136";"53";"blue-collar";"married";"primary";"no";"1294.00";"no";"no";NULL;"28";"oct";"71";"1";"-1";"0";"unknown";"no"
"45137";"53";"self-employed";"married";"tertiary";"no";"730.00";"yes";"no";NULL;"2";"nov";"18";"1";"368";"2";"failure";"no"
"45138";"30";"management";"single";"tertiary";"no";"297.00";"no";"no";"cellular";"8";"nov";"188";"1";"-1";"0";"unknown";"yes"
"45139";"30";"technician";"single";"2nd";"no";"500.00";"yes";"no";"cellular";"8";"nov";"176";"1";"543";"3";"failure";"no"
"45140";"44";"management";"married";"tertiary";"no";"839.00";"no";"no";"cellular";"8";"nov";"240";"1";"40";"2";"other";"no"
"45141";"63";"entrepreneur";"married";"secondary";"no";"3904.00";"no";"no";"telephone";"8";"nov";"360";"1";"96";"4";"success";"yes"
"45142";"77";"???";"married";NULL;"no";"397.00";"no";"no";"Tel";"8";"nov";"207";"1";"185";"3";"success";"no"
"45143";"34";"admin.";"married";"tertiary";"no";"79.00";"yes";"no";"cellular";"8";"nov";"120";"2";"95";"6";"success";"no"
"45144";"28";"student";"single";"secondary";"no";"970.00";"no";"no";"cellular";"8";"nov";"137";"1";"96";"1";"failure";"no"
"45145";"60";"admin.";"divorced";"secondary";"no";"683.00";"no";"no";"cellular";"8";"nov";"507";"1";"-1";"0";"unknown";"no"
"45146";"28";"services";"single";"tertiary";"no";"441.00";"no";"no";"cellular";"8";"nov";"106";"1";"-1";"0";"unknown";"no"
"45147";"49";"unemployed";"divorced";"tertiary";"no";"780.00";"no";"no";"cellular";"8";"nov";"148";"1";"871";"2";"failure";"no"
"45148";"42";"admin.";"divorced";"secondary";"no";"490.00";"yes";"no";"cellular";"8";"nov";"212";"1";"97";"5";"other";"no"
"45149";"22";"student";"single";"secondary";"no";"2488.00";"no";"no";"cellular";"8";"nov";"449";"2";"38";"10";"other";"yes"
"45150";"38";"technician";"married";"tertiary";"no";"88.00";"no";"no";"cellular";"8";"nov";"282";"2";"186";"4";"success";"yes"
"45151";"65";"management";"married";NULL;"no";"2352.00";"no";"no";"cellular";"8";"nov";"354";"3";"188";"13";"success";"no"
"45152";"47";"management";"single";"tertiary";"no";"311.00";"yes";"yes";"cellular";"9";"nov";"255";"3";"378";"2";"failure";"no"
"45153";"61";"housemaid";"married";"primary";"no";"182.00";"no";"no";"cellular";"9";"nov";"335";"1";"92";"13";"failure";"no"
"45154";"64";"retired";"married";"tertiary";"no";"2059.00";"no";"yes";"cellular";"9";"nov";"326";"1";"95";"1";"other";"no"
"45155";"63";"retired";"married";"primary";"no";"3738.00";"no";"no";"telephone";"9";"nov";"301";"1";"456";"4";"failure";"no"
"45156";"44";"entrepreneur";"married";"tertiary";"no";"121.00";"no";"no";"cellular";"9";"nov";"248";"1";"91";"1";"success";"yes"
"45157";"37";"management";"married";"tertiary";"no";"3556.00";"no";"no";"cellular";"9";"nov";"268";"1";"-1";"0";"unknown";"yes"
"45158";"52";"technician";"married";"tertiary";"no";"0.00";"no";"no";"cellular";"9";"nov";"467";"3";"92";"7";"failure";"yes"
"45159";"34";"student";"single";NULL;"no";"2321.00";"no";"no";"cellular";"9";"nov";"600";"2";"99";"5";"failure";"no"
"45160";"60";"services";"married";"secondary";"no";"4428.00";"no";"no";"cellular";"9";"nov";"125";"1";"96";"6";"failure";"no"
"45161";"35";"technician";"married";"secondary";"no";"0.00";"yes";"no";"cellular";"9";"nov";"524";"1";"96";"5";"success";"yes"
"45162";"31";"management";"married";"tertiary";"no";"720.00";"yes";"no";"cellular";"9";"nov";"94";"3";"-1";"0";"unknown";"no"
"45163";"29";"admin.";"single";"secondary";"no";"464.00";"no";"no";"cellular";"9";"nov";"208";"2";"91";"3";"success";"yes"
"45164";"71";"retired";"married";"secondary";"no";"2064.00";"no";"no";"cellular";"9";"nov";"379";"2";"92";"3";"failure";"no"
"45165";"35";"services";"married";"tertiary";"no";"4655.00";"no";"no";"cellular";"9";"nov";"111";"2";"-1";"0";"unknown";"no"
"45166";"33";"technician";"married";"tertiary";"no";"2976.00";"yes";"no";"cellular";"9";"nov";"465";"2";"95";"12";"other";"no"
"45167";"41";"unemployed";"single";"tertiary";"no";"79.00";"no";"no";"Tel";"9";"nov";"394";"1";"390";"2";"success";"yes"
"45168";"48";"admin.";"married";"secondary";"no";"178.00";"no";"no";"cellular";"10";"nov";"228";"1";"-1";"0";"unknown";"no"
"45169";"62";"retired";"married";"tertiary";"no";"2557.00";"yes";"no";"cellular";"10";"nov";"404";"1";"57";"8";"success";"yes"
"45170";"31";"management";"married";"tertiary";"no";"2994.00";"yes";"no";"cellular";"10";"nov";"182";"1";"229";"2";"failure";"no"
"45171";"19";"student";"single";"primary";"no";"245.00";"no";"no";"telephone";"10";"nov";"98";"2";"110";"2";"other";"no"
"45172";"33";"admin.";"single";"secondary";"no";"690.00";"no";"no";"cellular";"10";"nov";"223";"3";"555";"16";"failure";"no"
"45173";"30";"technician";"single";"tertiary";"no";"2325.00";"no";"no";"cellular";"10";"nov";"134";"1";"92";"8";"success";"no"
"45174";"36";"admin.";"single";"tertiary";"no";"980.00";"no";"no";"cellular";"11";"nov";"118";"4";"104";"7";"failure";"no"
"45175";"62";"blue-collar";"married";"secondary";"no";"272.00";"no";"no";"cellular";"11";"nov";"289";"1";"92";"3";"success";"yes"
"45176";"38";"entrepreneur";"single";"secondary";"no";"2543.00";"no";"no";"cellular";"11";"nov";"357";"3";"93";"5";"success";"yes"
"45177";"54";"admin.";"married";"secondary";"no";"66.00";"yes";"no";"cellular";"11";"nov";"167";"1";"-1";"0";"unknown";"yes"
"45178";"36";"admin.";"divorced";"secondary";"no";"1224.00";"yes";"no";"cellular";"12";"nov";"482";"1";"374";"1";"success";"yes"
"45179";"34";"blue-collar";"married";"secondary";"no";"320.00";"yes";"no";"cellular";"12";"nov";"413";"1";"92";"3";"success";"yes"
"45180";"34";"technician";"married";"secondary";"no";"1026.00";"no";"no";"cellular";"12";"nov";"319";"1";"100";"6";"failure";"no"
"45181";"66";"retired";"married";"secondary";"no";"3409.00";"no";"no";"cellular";"15";"nov";"414";"2";"27";"6";"failure";"no"
"45182";"46";"blue-collar";"married";"secondary";"no";"6879.00";"no";"no";"cellular";"15";"nov";"74";"2";"118";"3";"failure";"no"
"45183";"34";"technician";"married";"secondary";"no";"133.00";"no";"no";"cellular";"15";"nov";"401";"2";"187";"5";"success";"yes"
"45184";"70";"retired";"married";"primary";"no";"324.00";"no";"no";"cellular";"15";"nov";"78";"1";"96";"7";"success";"no"
"45185";"63";"retired";"married";"secondary";"no";"1495.00";"no";"no";"cellular";"16";"nov";"138";"1";"22";"5";"success";"no"
"45186";"60";"services";"married";"tertiary";"no";"4256.00";"yes";"no";"cellular";"16";"nov";"200";"1";"92";"4";"success";"yes"
"45187";"59";"???";"married";NULL;"no";"1500.00";"no";"no";"cellular";"16";"nov";"280";"1";"104";"2";"failure";"no"
"45188";"32";"services";"single";"secondary";"no";"1168.00";"yes";"no";"cellular";"16";"nov";"411";"1";"-1";"0";"unknown";"yes"
"45189";"29";"management";"single";"secondary";"no";"703.00";"yes";"no";"cellular";"16";"nov";"236";"1";"550";"2";"success";"yes"
"45190";"25";"services";"single";"secondary";"no";"199.00";"no";"no";"cellular";"16";"nov";"173";"1";"92";"5";"failure";"no"
"45191";"32";"blue-collar";"married";"secondary";"no";"136.00";"no";"no";"cellular";"16";"nov";"206";"1";"188";"3";"success";"yes"
"45192";"75";"retired";"divorced";"tertiary";"no";"3810.00";"yes";"no";"cellular";"16";"nov";"262";"1";"183";"1";"failure";"yes"
"45193";"29";"management";"single";"tertiary";"no";"765.00";"no";"no";"cellular";"16";"nov";"238";"1";"-1";"0";"unknown";"yes"
"45194";"28";"self-employed";"single";"tertiary";"no";"159.00";"no";"no";"cellular";"16";"nov";"449";"2";"33";"4";"success";"yes"
"45195";"59";"management";"married";"tertiary";"no";"138.00";"yes";"yes";"cellular";"16";"nov";"162";"2";"187";"5";"failure";"no"
"45196";"68";"retired";"married";"secondary";"no";"1146.00";"no";"no";"cellular";"16";"nov";"212";"1";"187";"6";"success";"yes"
"45197";"25";"student";"single";"secondary";"no";"358.00";"no";"no";"cellular";"16";"nov";"330";"1";"-1";"0";"unknown";"yes"
"45198";"36";"management";"single";"secondary";"no";"1511.00";"yes";"no";"cellular";"16";"nov";"270";"1";"-1";"0";"unknown";"yes"
"45199";"37";"management";"married";"tertiary";"no";"1428.00";"no";"no";"cellular";"16";"nov";"333";"2";"-1";"0";"unknown";"no"
"45200";"34";"blue-collar";"single";"secondary";"no";"1475.00";"yes";"no";"cellular";"16";"nov";"1166";"3";"530";"12";"other";"no"
"45201";"38";"technician";"married";"secondary";"no";"557.00";"yes";"no";"cellular";"16";"nov";"1556";"4";"-1";"0";"unknown";"yes"
"45202";"53";"management";"married";"tertiary";"no";"583.00";"no";"no";"cellular";"17";"nov";"226";"1";"184";"4";"success";"yes"
"45203";"34";"admin.";"single";"secondary";"no";"557.00";"no";"no";"cellular";"17";"nov";"224";"1";"-1";"0";"unknown";"yes"
"45204";"23";"student";"single";"tertiary";"no";"113.00";"no";"no";"cellular";"17";"nov";"266";"1";"-1";"0";"unknown";"yes"
"45205";"73";"retired";"married";"secondary";"no";"2850.00";"no";"no";"cellular";"17";"nov";"300";"1";"40";"8";"failure";"yes"
"45206";"25";"technician";"single";"2nd";"no";"505.00";"no";"yes";"cellular";"17";"nov";"386";"2";"-1";"0";"unknown";"yes"
"45207";"51";"technician";"married";"tertiary";"no";"825.00";"no";"no";"cellular";"17";"nov";"977";"3";"-1";"0";"unknown";"yes"
"45208";"71";"retired";"divorced";"primary";"no";"1729.00";"no";"no";"cellular";"17";"nov";"456";"2";"-1";"0";"unknown";"yes"
"45209";"72";"retired";"married";"secondary";"no";"5715.00";"no";"no";"cellular";"17";"nov";"1127";"5";"184";"3";"success";"yes"
"45210";"57";"blue-collar";"married";"secondary";"no";"668.00";"no";"no";"telephone";"17";"nov";"508";"4";"-1";"0";"unknown";"no"
"45211";"37";"entrepreneur";"married";"secondary";"no";"2971.00";"no";"no";"cellular";"17";"nov";"361";"2";"188";"11";"other";"no"
